-0.24455,0.67791,0.48106,-0.61146,0.68659,0.099418,-0.57591,0.78278,-0.49905,0.25615,0.3759,-0.10915,0.17804,0.11458,0.30748,TB
0.83047,0.87132,0.86233,0.57202,0.81917,0.61885,0.96989,-0.76756,-0.51296,-0.21738,-0.20759,-0.78143,0.82148,-0.42272,0.29448,TB
0.46112,0.64123,0.69781,0.68388,0.92952,0.46056,0.9267,-0.34917,-0.46924,-0.55921,-0.34256,-0.76071,0.70759,-0.40388,0.47405,TB
0.61252,0.77674,0.92162,0.73297,0.87521,0.46207,0.78084,-0.57161,-0.47168,-0.84261,-1,-0.44377,0.55533,-0.53666,0.26444,TB
0.66919,0.73943,0.74343,0.18559,0.90396,0.56726,0.89152,-0.48654,-0.59854,0.024835,-0.27008,-0.73276,0.72004,-0.21808,0.25506,TB
0.7851,0.87938,0.83993,0.85638,0.9923,0.72949,0.96236,-0.79873,-0.80051,-0.41448,-0.25561,-0.89074,0.7974,-0.67344,0.69177,TB
0.71208,0.78548,0.85228,0.29933,0.82463,0.58222,0.72632,-0.47391,-0.57494,-0.44904,-0.51106,-0.81291,0.80548,-0.25873,0.40946,TB
0.67427,0.9859,0.91052,0.54012,0.82327,0.42633,0.93549,-0.50586,-0.35787,-0.011445,0.33756,-0.76043,0.66698,-0.54531,0.14962,TB
0.39252,0.87681,0.74105,0.24326,0.87611,0.23344,0.93538,-0.33938,-0.12638,-0.5943,-0.64414,-0.71359,0.62724,-0.53866,0.4827,TB
0.67077,0.92583,0.84806,0.41933,0.91098,0.51189,0.93533,-0.58555,-0.50464,-0.40719,-0.79473,-0.67952,0.88204,-0.70453,0.6511,TB
0.59803,0.8816,0.78227,0.55977,0.91121,0.63781,0.93073,-0.70215,-0.86053,0.11636,0.21733,-0.91467,0.80056,-0.88869,-0.041913,TB
0.76325,0.89908,0.92017,0.51562,0.84969,0.57548,0.91118,-0.69453,-0.52425,-0.45307,-0.34332,-0.87452,0.5488,-0.67895,0.43941,TB
0.62628,0.85653,0.75109,0.63879,0.98057,0.62061,0.95603,-0.61974,-0.71915,-0.49945,-0.53739,-0.91186,0.90783,-0.55529,0.39423,TB
0.39818,0.64578,0.84233,0.56413,0.88956,0.25001,0.84876,-0.41215,-0.17353,-0.39447,-0.44474,-0.77284,0.66865,-0.29045,0.44172,TB
1,0.7817,0.85739,0.67336,0.60853,0.61274,0.87652,-0.5376,-0.40785,-0.36611,0.46655,-0.71485,0.51838,-0.76619,0.1974,TB
0.27679,0.64235,0.70055,0.35198,0.97981,0.251,0.84055,-0.20733,-0.37934,-0.39212,-0.010923,-0.76315,0.6049,-0.63337,-0.084755,TB
0.64002,0.96289,0.94287,0.42087,0.7283,0.33995,0.92681,-0.43337,-0.15654,-0.46657,-0.78332,-0.56733,0.47632,-0.91646,0.31779,TB
0.59725,0.73609,0.83439,0.77013,0.9081,0.46711,0.92822,-0.64467,-0.48843,-0.3177,0.13405,-0.64458,0.73466,-0.31071,0.56159,TB
0.63891,0.96257,0.82805,0.5168,0.91911,0.53799,0.91165,-0.56232,-0.59491,-0.25222,0.31847,-0.85961,0.63446,-0.70798,0.095788,TB
0.76171,0.69482,0.92036,0.24611,0.73101,0.50052,0.62735,-0.44261,-0.39399,-0.37866,-0.40377,-0.8173,0.90044,-0.20291,0.0026507,TB
0.57818,1,0.87461,0.37509,0.88814,0.41126,0.90051,-0.58699,-0.37369,0.15022,0.48405,-0.78604,0.81359,-0.33611,0.48905,TB
0.58009,0.85588,0.88914,0.56634,0.93473,0.5051,0.91316,-0.47237,-0.55752,-0.77363,-0.77337,-0.86245,0.70941,-0.60134,0.33012,TB
0.69734,0.81399,0.93339,0.81534,0.96624,0.57577,0.92487,-0.59487,-0.63098,-0.17097,-0.65073,-0.6474,0.98337,-0.60146,0.3397,TB
0.54206,0.6367,0.8321,0.8366,0.99749,0.43038,0.95567,-0.52058,-0.50963,-0.32902,-0.68607,-0.6156,0.88262,-0.94095,0.32762,TB
0.52806,0.95165,0.80709,0.36305,0.8923,0.30581,0.97271,-0.37548,-0.32769,-0.25604,-0.63186,-0.57752,0.62907,-0.63967,-0.45998,TB
0.85852,0.64043,0.96842,0.6501,0.75429,0.90095,0.75078,-0.56522,-0.71589,-0.6439,-0.82301,-0.715,0.64603,-0.74123,0.32728,TB
0.91037,0.83405,0.90874,0.87934,0.71148,0.70723,0.67874,-0.6229,-0.55261,0.087018,-0.29841,-0.94805,0.75666,-0.20491,0.48309,TB
0.76729,0.81663,0.88369,0.41301,0.81098,0.6159,0.7225,-0.65469,-0.55844,-0.50614,-0.13235,-0.75314,0.63604,-0.45428,0.57337,TB
0.33196,0.76259,0.73748,-0.2247,0.6997,0.042375,0.77682,0.29224,0.41487,-0.17153,-0.42605,-0.12934,0.74515,0.026921,0.26605,TB
0.50862,0.66528,0.75332,-0.10424,0.75071,0.25045,0.93627,-0.2422,-0.18861,-0.39608,-0.66176,-0.66656,0.28277,0.10295,-0.18498,TB
0.88064,0.56644,0.8045,0.50307,0.65657,0.86005,0.89826,-0.49156,-0.67651,-0.65673,-0.73287,-0.728,0.40972,-0.31741,-0.023358,TB
0.56182,0.98527,0.78064,0.33384,0.86045,0.41584,0.79141,-0.65428,-0.29862,0.10051,-0.00059482,-0.97935,0.86565,-0.79001,0.18555,TB
0.92361,0.81948,0.97576,0.62673,0.59612,0.54931,0.64727,-0.64624,-0.22505,-0.43628,-0.16598,-0.80421,0.6413,-0.75235,0.30893,TB
0.87902,0.85504,0.93311,0.61638,0.79875,0.69482,0.81467,-0.71468,-0.60366,-0.27494,-0.15792,-0.82362,0.68589,-0.79915,0.66472,TB
0.84925,0.79514,0.95855,0.49345,0.83514,0.6616,0.9141,-0.75143,-0.64345,-0.11776,0.077786,-0.81596,0.84813,-0.79954,0.44851,TB
0.56271,0.92542,0.86856,0.44803,0.87251,0.43511,0.93293,-0.45259,-0.49892,-0.46587,-0.41026,-0.86552,0.70468,-0.52875,0.17468,TB
0.44886,0.83095,0.89402,0.38954,0.95463,0.36393,0.82094,-0.31341,-0.45077,-0.33547,-0.066836,-0.79551,0.75862,-0.51431,0.13376,TB
0.38428,0.56791,0.66584,0.66341,0.92594,0.3464,0.91405,-0.65605,-0.47154,-0.51284,-0.52728,-0.76536,0.84728,-0.56548,0.52711,TB
0.10838,0.82509,0.4578,-0.15287,0.76502,0.13197,0.90872,-0.27734,-0.42154,-0.17942,-0.29398,-0.56753,0.38487,0.093252,-0.16502,TB
0.9058,0.81232,0.98444,0.85242,0.74265,0.78238,0.7248,-0.69126,-0.62299,-0.62806,-0.098335,-0.78768,0.51581,-0.32664,0.27191,TB
0.67194,0.93417,0.81783,0.60374,0.90478,0.50892,0.99064,-0.73632,-0.49701,-0.3714,-0.19986,-0.72772,0.68384,-0.45014,0.44278,TB
0.64141,0.65824,0.96825,0.97656,0.99183,0.52062,0.87401,-0.47986,-0.62192,-0.36471,-0.52355,-0.71249,0.62306,-0.48733,0.15501,TB
0.29955,0.4522,0.53736,0.70073,0.5026,0.57697,0.90537,-0.66741,-0.91028,0.15211,0.59512,-0.57523,0.73098,-0.21654,0.42749,TB
0.51879,0.70718,0.73076,0.68107,0.79939,0.37298,0.99942,-0.19796,-0.29104,-0.43225,-0.50784,-0.74669,0.42149,-0.6369,0.26673,TB
0.79925,0.9141,0.93878,0.82702,0.85019,0.66877,0.92566,-0.56516,-0.62977,-0.69041,-0.55624,-0.58475,0.79065,-0.68435,0.49537,TB
0.95078,0.95214,0.75757,1,0.83371,1,0.67953,-0.76881,-0.93412,0.0072734,-0.18996,-0.94953,0.74852,-0.65958,-0.25571,TB
0.72379,0.96061,0.70151,0.53915,0.96672,0.64819,0.99733,-0.7803,-0.69715,-0.38707,-0.81842,-0.60065,0.72323,-0.5345,0.56372,TB
0.80606,0.8794,0.62463,0.54916,0.7829,0.44333,0.6054,-0.4849,-0.44976,-0.79333,-0.62737,-0.75629,0.45736,-0.71958,-0.4748,TB
0.92939,0.79182,0.95357,0.78665,0.60024,0.63037,0.73818,-0.57263,-0.23699,0.05484,0.07465,-0.68584,0.7227,-0.50796,0.46784,TB
-0.35188,-0.18646,0.85292,0.44035,0.69436,-0.44919,0.84348,0.062985,0.79481,0.11818,0.30625,-0.80062,0.0010656,0.077669,0.46021,TB
0.80487,0.80332,0.95845,0.99416,0.86819,0.6243,0.94359,-0.60682,-0.60253,-0.16746,0.096199,-0.84356,0.54241,-0.61639,0.46684,TB
0.69945,0.88876,0.84136,0.41319,0.92189,0.68269,0.77771,-0.43893,-0.70623,-0.48048,-0.66666,-0.87352,0.52422,-0.8929,0.52523,TB
0.942,0.96542,0.62303,0.96849,0.91899,0.89352,0.76542,-0.83261,-1,-0.31444,-0.60801,-0.76064,0.54208,-0.64346,-0.38324,TB
0.88845,0.73439,0.98406,0.46037,0.77095,0.61998,0.99367,-0.611,-0.47357,-0.15344,0.65617,-0.74738,0.99303,-0.60953,0.50298,TB
0.80569,0.92401,0.81652,0.82248,0.74045,0.54768,0.91092,-0.37728,-0.44438,-0.27571,-0.10582,-0.82178,0.76261,-0.82496,0.4745,TB
0.82822,0.83619,0.80957,0.52124,0.94168,0.65301,0.90715,-0.67902,-0.73664,0.10107,-0.093684,-0.94578,0.75505,-0.65511,-0.54738,TB
0.69806,0.83009,0.83563,0.79206,0.98017,0.67132,0.82873,-0.54133,-0.75342,0.004329,0.19529,-0.76886,0.74949,-0.7477,0.58592,TB
0.69199,0.86601,0.8444,0.37418,0.92977,0.56243,0.92001,-0.67213,-0.61247,-0.61547,-0.56229,-0.95571,0.44684,-0.66262,-0.19912,TB
0.61029,0.82446,0.83415,0.65878,0.98139,0.58155,0.67414,-0.47253,-0.65081,0.10139,0.21086,-0.75156,0.79984,-0.84624,0.43349,TB
0.88819,0.61989,0.951,0.29972,0.62015,0.5792,0.73353,-0.55937,-0.32781,-0.33361,-0.30176,-0.73122,0.61022,-0.33395,0.26412,TB
0.40296,0.77829,0.84376,0.38337,0.91336,0.32853,0.52264,-0.40153,-0.32235,-0.49906,0.055724,-0.94785,0.54556,-0.43426,0.46442,TB
0.44632,0.83805,0.84019,0.37633,0.92796,0.41935,0.70154,-0.17039,-0.41139,-0.47379,-0.25529,-0.84914,0.79735,-0.40186,0.49376,TB
0.57406,0.80689,0.79951,0.62522,0.87283,0.40121,0.69751,-0.53979,-0.46318,-0.2192,-0.30914,-0.82519,0.50784,-0.37774,0.015655,TB
0.99369,0.65912,0.9896,0.48411,0.74956,0.72637,0.96837,-0.80282,-0.56955,-0.14124,0.61929,-0.85189,0.75409,-0.65953,0.52754,TB
0.55055,0.9683,0.60422,0.29773,0.91503,0.45183,0.73573,-0.66318,-0.47185,-0.33961,-0.15865,-0.79214,0.65555,-0.2718,0.070029,TB
0.45879,0.54135,0.96076,0.85046,0.96556,0.34858,0.97642,-0.59602,-0.44547,-0.49044,-0.05959,-0.8904,0.61213,-0.53892,0.31695,TB
0.41333,0.65159,0.73031,-0.2361,0.59809,0.074375,0.76061,-0.13795,0.21395,0.25299,0.021846,-0.80118,0.76892,0.013431,-0.30125,TB
0.55565,0.78137,0.95924,0.6319,0.8851,0.35974,0.85994,-0.3843,-0.26577,0.42219,0.8056,-0.90149,0.75406,-0.64132,0.27563,TB
0.90094,0.94708,0.8181,0.77609,0.78881,0.65779,0.91489,-0.76025,-0.56,-0.14237,0.35311,-0.67643,0.73056,-0.77914,0.44181,TB
0.73742,0.994,0.83178,0.62343,0.87222,0.57831,0.84954,-0.59959,-0.52569,-0.28359,-0.23403,-0.91612,0.68705,-0.65288,0.0807,TB
0.70976,0.86379,0.94937,0.39583,0.75103,0.51539,0.68089,-0.4321,-0.39197,-0.072436,0.47137,-0.77959,0.70471,-0.38365,0.53017,TB
0.59198,0.5804,0.88495,0.97312,0.97168,0.4583,0.88645,-0.6898,-0.50361,-0.11075,0.085762,-0.78173,0.65456,-0.31862,0.23854,TB
0.66648,0.79902,0.90639,0.78795,0.8942,0.51834,0.8234,-0.69364,-0.54237,-0.22127,-0.080706,-0.86485,0.67305,-0.43835,0.023539,TB
0.31995,0.86565,0.80997,0.1418,0.96563,0.34789,0.51934,-0.056094,-0.37451,-0.14149,-0.67025,-0.88819,0.68351,-0.50429,0.36625,TB
0.61966,0.92581,0.92541,0.53482,0.77661,0.49275,0.63148,-0.24948,-0.40888,-0.63244,-0.26069,-0.62131,0.48199,-0.51715,0.49874,TB
0.6531,0.79088,0.81107,0.77839,0.90548,0.55574,0.81472,-0.68137,-0.57377,-0.33442,-0.55954,-0.88843,0.75815,-0.752,0.50264,TB
0.54725,0.88013,0.98556,0.19119,0.77958,0.40702,0.14983,-0.38657,-0.33024,-0.15583,-0.34973,-0.31998,0.77592,-0.44498,0.3535,TB
0.62563,0.88717,0.74046,0.3084,0.92124,0.50081,0.83276,-0.77158,-0.47437,0.17388,0.53823,-0.8859,0.75461,-0.52254,0.4472,TB
0.96995,0.48923,0.71217,0.27523,0.47903,0.53204,0.54167,-0.2948,-0.23023,-0.51203,-0.57416,-0.20884,0.88096,-0.52836,-0.022203,TB
0.55623,0.40573,0.85534,0.70953,0.36232,0.8371,0.84138,-0.41576,-0.42291,-0.53993,-0.84062,-0.093144,0.32592,-0.73156,0.083622,TB
0.6613,0.9144,0.98141,0.39175,0.80835,0.49563,0.8417,-0.44382,-0.40019,-0.5801,-0.16571,-0.77769,0.60197,-0.52122,0.79003,TB
0.60051,0.73758,0.96114,0.09511,0.74113,0.29163,0.99613,-0.46339,-0.088087,0.013232,-0.31636,-0.79409,0.31415,0.33269,0.023698,TB
0.28196,0.84878,0.77567,0.10055,0.89778,0.17395,0.7237,0.12046,-0.13887,-0.3857,-0.69816,-0.6552,0.53917,-0.56376,0.42817,TB
-0.81867,-0.71128,0.41601,0.097287,-0.43615,-0.55301,0.2671,-0.25082,-0.85853,-0.22148,-0.29609,1,-1,0.31406,-0.20093,TB
0.83363,0.90592,0.9731,0.89225,0.73699,0.50395,0.85738,-0.43437,-0.44939,-0.10696,-0.59512,-0.69758,0.68265,-0.68502,-0.21459,TB
0.66212,0.97925,0.8373,0.47313,0.87335,0.47313,0.95054,-0.5447,-0.44765,-0.40768,-0.62635,-0.66838,0.72732,-0.4757,0.4975,TB
-0.40959,0.54388,0.72152,-0.80582,0.86339,-0.46339,-0.27332,0.58764,1,-0.077028,-0.28835,-0.57711,-0.2418,0.5869,0.12855,TB
0.78414,0.81958,0.92702,0.4395,0.75571,0.55783,0.7443,-0.63856,-0.41776,-0.12361,0.46726,-0.73605,0.76864,-0.45535,0.78545,TB
0.55159,0.84092,0.94154,0.54129,0.90693,0.43602,0.87254,-0.48673,-0.33868,-0.064795,0.33488,-0.97327,0.68445,-0.69932,0.68515,TB
0.64578,0.91791,0.95316,0.58533,0.91225,0.54785,0.79041,-0.65321,-0.62819,-0.57397,-0.30714,-0.88027,0.90407,-0.69004,0.20007,TB
0.26972,0.59871,0.45853,0.40227,0.84779,0.31886,0.90856,-0.49229,-0.52261,-0.81608,-0.77683,-0.65151,0.18767,-0.48477,-0.26763,TB
0.67093,0.88909,0.89687,0.37388,0.84958,0.46109,0.87411,-0.48104,-0.46622,-0.33337,-0.76826,-0.80782,0.93537,-0.59827,0.24219,TB
0.806,0.73097,0.84571,0.35008,0.68603,0.49726,0.98526,-0.3167,-0.36524,-0.30796,-0.34702,-0.79781,0.69953,-0.69577,0.31573,TB
0.69186,0.79978,0.94659,0.82835,0.9561,0.63886,0.89115,-0.62828,-0.70707,-0.48778,-0.73217,-0.63848,0.67714,-0.39453,0.44532,TB
0.78469,0.95131,0.80385,0.61484,0.86142,0.60146,0.96022,-0.79063,-0.58636,0.17893,0.42465,-0.85581,0.74362,-0.68984,0.097148,TB
0.63272,0.71546,0.67408,0.1096,0.76726,0.4464,0.97276,-0.37261,-0.32588,-0.4957,-0.73609,-0.29621,0.49458,-0.48454,0.34931,TB
0.80544,0.6991,0.69976,0.30668,0.87761,0.61794,0.97715,-0.48038,-0.62515,-0.43502,-0.70318,-0.56402,0.24081,-0.56129,-0.18478,TB
0.98311,0.80216,0.97892,0.72783,0.74956,0.72776,0.84907,-0.56015,-0.60996,-0.5556,-0.52709,-0.78749,0.73687,-0.49291,0.097533,TB
0.3006,0.66234,0.8521,0.36623,0.883,0.14248,0.94615,-0.38602,0.065972,0.051615,0.11202,-0.80888,0.73884,-0.55773,0.40044,TB
0.63586,0.78492,0.89235,0.7591,0.80602,0.4856,0.97313,-0.34027,-0.40235,-0.45101,-0.25561,-0.91188,0.7044,-0.47145,0.18317,TB
0.70138,0.61983,0.99433,0.8543,0.89081,0.55234,0.98473,-0.5134,-0.48621,0.64744,1,-0.9,0.90103,-0.36304,0.23764,TB
0.60715,0.46652,0.97447,0.73699,0.6367,0.91779,0.34625,-0.73099,-0.70231,-0.16357,-0.36208,-0.93803,0.81705,-0.62257,-0.41254,TB
0.23745,0.81065,0.51889,0.071884,0.83507,0.24126,0.90543,-0.6128,-0.41923,0.1539,-0.087384,-0.692,0.49771,-0.27229,0.13201,TB
0.62202,0.72762,0.99125,0.82575,0.8741,0.53389,0.65046,-0.34262,-0.5388,-0.29334,-0.37714,-0.8332,0.7106,-0.44493,0.31054,TB
0.57326,0.9264,0.91764,0.28155,0.69656,0.25831,0.95896,-0.36316,-0.10004,-0.24241,-0.8467,-0.8043,0.24216,-0.10981,-0.53821,TB
0.81901,0.93297,0.88429,0.63946,0.84125,0.7285,0.74885,-0.44246,-0.69163,-0.6153,-0.017899,-0.6732,0.76411,-0.63874,0.75869,TB
0.81901,0.93297,0.88429,0.63946,0.84125,0.7285,0.74885,-0.44246,-0.69163,-0.6153,-0.017899,-0.6732,0.76411,-0.63874,0.75869,TB
0.88663,0.73121,0.93649,0.45356,0.84962,0.70607,0.98426,-0.71528,-0.60099,-0.14983,0.081004,-0.87489,0.62796,-0.63839,0.86234,TB
0.6197,0.91206,0.8772,0.33021,0.73785,0.38147,0.99665,-0.29308,-0.23867,-0.011129,0.066971,-0.79727,0.70009,-0.44849,0.3648,TB
0.68906,0.86218,0.98243,0.73031,0.89998,0.57373,0.86575,-0.72392,-0.59291,-0.0073085,-0.13321,-0.78879,0.8093,-0.55145,0.35993,TB
0.91047,0.81432,0.94201,0.60175,0.84981,0.75799,0.81232,-0.75902,-0.73454,-0.51102,-0.20754,-0.77427,0.62746,-0.8115,0.2931,TB
0.78816,0.71622,0.99619,0.87767,0.8909,0.58189,0.67717,-0.76999,-0.58509,-0.065671,-0.0069756,-0.84107,0.64476,-0.29013,-0.072068,TB
0.94655,0.72652,0.83847,0.52345,0.62757,0.63824,0.83244,-0.31315,-0.43197,-0.2729,0.093035,-0.62613,0.22993,-0.35658,0.3238,TB
0.64957,0.92885,0.88876,0.3929,0.81589,0.47042,0.84118,-0.44131,-0.43337,0.11695,-0.3676,-0.8112,0.83626,-0.25426,0.17993,TB
0.85397,0.68244,0.86098,0.34469,0.76941,0.58745,0.88127,-0.67511,-0.55511,-0.25864,-0.26653,-0.81585,0.6958,-0.10909,-0.3639,TB
-0.0346,0.056343,0.85011,0.76641,0.3779,0.26417,0.85127,-0.88197,-0.93858,-0.38276,-0.25845,-0.71539,0.19304,0.10079,-0.42364,TB
0.45997,0.77887,0.90628,0.47706,0.97095,0.43818,0.74848,-0.42372,-0.46685,-0.42619,-0.22033,-0.81736,0.5511,-0.29578,0.46138,TB
0.99807,0.61155,0.89997,0.42505,0.69581,0.69223,0.80714,-0.47088,-0.46262,-0.45072,-0.84254,-0.28464,0.77424,-0.85217,0.33689,TB
0.6819,0.79288,0.7914,0.82269,0.89912,0.63737,0.78184,-0.68158,-0.84552,-0.26961,-0.57968,-0.68177,0.81714,-0.8008,0.23471,TB
0.55053,0.51928,0.90481,0.93474,0.87693,0.47999,0.92482,-0.61896,-0.76065,-0.81299,-0.70294,-0.29887,0.23226,-0.39997,-0.16772,TB
0.52582,0.96269,0.78633,0.25545,0.86282,0.34738,0.93528,-0.48587,-0.32368,-0.28016,-0.67106,-0.31205,0.62749,-0.52933,0.53386,TB
0.61775,0.70704,0.76228,0.85194,0.96117,0.53055,0.79972,-0.66801,-0.65128,-0.65575,-0.70032,-0.75517,0.8509,-0.58078,0.39845,TB
0.05333,0.025458,0.48958,0.90867,-0.013233,0.80618,0.26364,-0.17483,-0.079253,-0.22106,-0.45896,-0.19151,0.47997,-0.82968,-0.19493,TB
0.71296,0.34977,0.68279,0.37016,0.43241,0.59235,0.54109,-0.37076,-0.26,-0.42426,-0.49484,-0.74777,0.50286,-0.21515,-0.25984,TB
0.80833,0.85634,0.98543,0.52137,0.72304,0.52305,0.93601,-0.48848,-0.34786,-0.54186,-0.58682,-0.66825,0.50322,-0.55652,0.48982,TB
0.59547,0.78568,0.70055,0.69129,0.92828,0.49234,0.77023,-0.56918,-0.66886,-0.268,-0.47385,-0.70141,0.65074,-0.76989,0.15884,TB
0.39915,0.93492,0.75308,0.18662,0.92979,0.36724,0.50507,-0.31907,-0.35466,-0.10707,0.057508,-0.68999,0.79649,-0.54357,0.59956,TB
0.32462,0.64649,0.91576,0.43161,0.95599,0.25508,0.91719,-0.5584,-0.37315,-0.34196,-0.22376,-0.72966,0.41592,-0.0026165,-0.33882,TB
0.80333,0.81489,0.89836,0.45904,0.83178,0.70085,0.68345,-0.46073,-0.65169,-0.32688,0.45752,-0.76806,0.78262,-0.57915,0.67426,TB
0.41963,0.99429,0.78821,0.13542,0.82954,0.25426,0.59719,-0.21145,-0.10882,-0.57755,-0.95442,-0.81713,0.59375,-0.43937,0.19314,TB
0.89825,0.57413,0.9823,0.24738,0.83903,0.70655,0.93794,-0.71671,-0.61781,-0.5454,-0.44609,-0.78658,0.55412,-0.13193,0.31075,TB
0.67528,0.63164,0.98391,0.91865,0.84519,0.52019,0.75288,-0.51356,-0.43645,-0.098375,0.24666,-0.85656,0.83966,-0.44158,0.66818,TB
0.58173,0.79082,0.90769,0.66108,0.8815,0.5047,0.74305,-0.29545,-0.48746,-0.11285,-0.33204,-0.85687,0.61232,-0.79654,0.48257,TB
0.11295,0.13835,0.91486,0.94947,0.19456,0.79008,0.71905,-0.60714,-0.47382,-0.51988,-0.20757,-0.54817,0.38213,-0.24252,0.082557,TB
0.76421,0.83966,0.86503,0.88378,0.90684,0.63627,0.97182,-0.69113,-0.6687,-0.10714,0.02747,-0.89978,0.79137,-0.74293,0.17409,TB
-0.016805,0.87477,0.54213,-0.39837,0.90165,0.36859,-0.14016,-0.16932,-0.82892,-0.56433,-0.2541,-0.6302,0.45163,0.412,-0.30397,TB
0.86606,0.87693,0.86297,0.62894,0.7827,0.61794,0.77117,-0.69356,-0.52448,-0.30161,-0.013573,-0.89327,1,-0.72877,0.50348,TB
0.71183,0.88099,0.89787,0.42054,0.77915,0.50649,0.89596,-0.48106,-0.43378,-0.26414,-0.41551,-0.78593,0.7824,-0.55271,0.029067,TB
0.50791,0.58478,0.95965,0.86473,0.95707,0.36362,0.79716,-0.5322,-0.46069,-0.56749,-0.73828,-0.58018,0.68215,-0.42937,0.10218,TB
0.43545,0.75206,0.75753,0.47325,0.83092,0.57299,0.93826,-0.42554,-0.83632,-0.5705,-0.63689,-0.83707,0.72666,-0.46449,0.41014,TB
0.7497,0.87146,0.80242,0.4607,0.90059,0.68041,0.242,-0.81465,-0.66034,-0.29113,-0.31136,-0.88397,0.64457,-0.66548,-0.15039,TB
0.8616,0.89643,0.87132,0.64971,0.87763,0.80819,0.62192,-0.5803,-0.8153,-0.32871,0.054723,-0.75917,0.90844,-0.65081,1,TB
0.6067,0.89009,0.95858,0.56195,0.96436,0.50659,0.90046,-0.72293,-0.60109,-0.42195,-0.53247,-0.91067,0.57518,-0.43828,0.071796,TB
0.66609,0.93354,0.91587,0.5957,0.84732,0.5235,0.8751,-0.53729,-0.61155,-0.48147,-0.35073,-0.83625,0.97869,-0.44012,-0.10626,TB
0.59321,0.97554,0.93378,0.36822,0.87356,0.37859,0.91113,-0.61131,-0.36276,-0.081445,-0.34272,-0.65551,0.89638,-0.49975,0.086432,TB
0.91174,0.66034,0.68119,0.6084,0.41858,0.40802,0.80019,-0.22007,0.0172,-0.48739,-0.71346,0.17218,0.59237,-0.82082,0.31573,TB
0.71151,0.96057,0.96981,0.62866,0.86869,0.48963,0.95525,-0.45781,-0.46211,-0.21629,-0.7455,-0.80434,0.78066,-0.65313,0.19094,TB
0.69496,0.72976,0.85872,0.94647,0.8868,0.49246,0.83375,-0.45877,-0.52551,-0.23042,-0.36673,-0.74911,0.81913,-0.85671,0.11439,TB
0.76444,0.89604,0.99463,0.79947,0.83941,0.58431,0.98798,-0.62737,-0.54034,-0.26561,-0.3497,-0.86039,0.64645,-0.77768,0.51225,TB
0.59481,0.92776,0.62262,0.49424,0.9952,0.50873,0.84771,-0.55603,-0.64181,-0.67152,-0.35997,-0.84088,0.57255,-0.65195,0.0013593,TB
0.30207,0.086025,0.2503,0.50525,0.059985,0.92403,0.21748,-0.30007,-0.27497,-0.51578,-0.20759,-0.31518,0.72386,-0.27229,0.31022,TB
0.47123,0.67776,0.4525,-0.1366,0.98476,0.6054,0.41552,-0.24575,-0.61212,-0.54635,-0.71938,-0.81016,0.50452,-0.034247,0.14092,TB
0.5688,0.95996,0.99337,0.31442,0.84972,0.34038,0.99545,-0.66524,-0.3341,-0.002962,-0.25023,-0.9103,0.72087,-0.34818,-0.052584,TB
0.34224,0.35398,0.72929,0.98494,0.69035,0.48284,0.93779,-0.67691,-0.88344,-0.18562,-0.20013,-0.93223,0.6211,-0.47138,0.20232,TB
0.13443,0.72421,0.39032,-0.0013306,0.78496,0.20537,0.61198,-0.34977,-0.45432,-0.36243,-0.12188,-0.68054,0.49206,-0.067133,-0.1469,TB
0.53815,0.64708,0.83251,0.81199,0.86144,0.61439,0.80928,-0.7396,-0.86886,-0.0037682,0.3029,-0.83354,0.57986,-0.39897,-0.037563,TB
0.96931,0.70473,0.74247,0.60008,0.724,0.76494,1,-0.67962,-0.65672,-0.40698,-0.20854,-0.82654,0.64404,-0.51943,-0.1024,TB
0.65619,0.83572,0.8851,0.28754,0.72572,0.38049,0.77823,-0.37725,-0.25398,-0.86736,-0.80422,-0.54957,0.94791,-0.61446,0.18714,TB
0.65634,0.90834,0.73348,0.61448,0.75884,0.34549,0.89136,-0.23834,-0.21158,-0.14422,-0.3762,-0.2113,0.50886,-0.30034,0.28644,TB
0.22257,0.793,0.61537,0.06759,0.85193,0.22159,0.97083,-0.38208,-0.4641,-0.84135,-0.84805,-0.47743,0.28169,-0.24719,0.10997,TB
0.80571,0.84661,0.88805,0.93931,0.67971,0.84825,0.9163,-0.66253,-0.61237,-0.07843,0.14816,-0.82351,0.68243,-0.83617,0.21138,TB
0.74092,0.70351,0.91122,0.23132,0.67421,0.43782,0.6915,-0.38154,-0.29353,-0.24483,-0.0051641,-0.70671,0.72577,-0.38465,0.25254,TB
0.53577,0.70371,0.9605,0.71582,0.98832,0.43223,0.75099,-0.5808,-0.53093,-0.33228,-0.64441,-0.35455,0.31008,-0.82927,0.21725,TB
0.95625,0.82625,0.9994,0.68035,0.8216,0.75976,0.9988,-0.77685,-0.67256,0.14566,0.81171,-0.8769,0.8106,-0.73205,0.50262,TB
0.37131,0.57117,0.86603,0.63368,0.63364,0.52264,0.88582,-0.79993,-0.96248,-0.03486,-0.68453,-0.65728,0.36954,-0.50026,-0.4032,TB
0.75443,0.81971,0.99696,0.39982,0.84566,0.57107,0.87986,-0.6482,-0.51347,-0.53864,-0.0033797,-0.76603,0.7421,-0.62664,0.56361,TB
0.50126,0.99935,0.79951,0.26764,0.96423,0.36823,0.65417,-0.49594,-0.42419,-0.076327,-0.44276,-0.74976,0.63759,-0.4724,0.15832,TB
0.83624,0.58964,0.95085,0.19621,0.71347,0.50482,0.94401,-0.53058,-0.32424,-0.29418,-0.00584,-0.81096,0.85887,-0.24871,0.58841,TB
0.52148,0.98584,0.91944,0.31297,0.84283,0.35755,0.88117,-0.3405,-0.41576,-0.25909,-0.21546,-0.81334,0.8948,-0.7657,0.048664,TB
0.83039,0.7634,0.86569,0.42535,0.88485,0.68185,0.64602,-0.57743,-0.66519,-0.0046094,-0.51809,-0.63504,0.94691,-0.56336,0.34326,TB
0.75948,0.70626,0.84031,0.25826,0.76758,0.49263,0.92226,-0.2954,-0.37264,-0.30799,-0.17931,-0.70472,0.63964,-0.59997,0.15458,TB
0.56246,0.8173,0.87442,0.59153,0.91109,0.37103,0.86946,-0.60025,-0.39859,-0.41606,-0.47924,-0.62014,0.77144,-0.46982,0.14037,TB
0.58684,0.80128,0.99035,0.65416,0.533,0.93168,0.50016,-0.60111,-0.64951,-0.35016,-0.60807,-0.56391,0.5984,-0.5014,0.41909,TB
0.88027,0.9498,0.97437,0.7502,0.86753,0.74158,0.89717,-0.54603,-0.71531,0.19428,0.62837,-0.90887,0.80396,-0.775,0.12621,TB
0.66142,0.47999,0.87727,0.67336,0.57265,0.89947,0.88546,-0.74626,-0.5924,-0.50881,0.17388,-0.70959,0.74636,-0.4781,0.38118,TB
0.60137,0.70893,0.81793,0.82061,0.98316,0.53713,0.95122,-0.65339,-0.66514,-0.28927,-0.78097,-0.61787,0.82865,-0.56478,0.44917,TB
0.30441,0.76012,0.76207,0.24278,0.96147,0.13602,0.84755,-0.18235,-0.03796,-0.012496,-0.49676,-0.59507,0.80681,-0.48854,0.26686,TB
0.54764,0.79943,0.89798,0.59265,0.80514,0.44482,0.65109,-0.21226,-0.41416,-0.57113,-0.29154,-0.77769,0.25697,-0.73047,0.45382,TB
0.64723,0.80596,0.86336,0.74594,0.99235,0.5881,0.98531,-0.78043,-0.66406,-0.50327,-0.46745,-0.78909,0.71249,-0.52908,0.29147,TB
0.59465,0.41875,0.97332,0.66973,0.61813,0.99379,0.77719,-0.72598,-0.66077,-0.61719,-0.58254,-0.61575,0.78976,0.024851,0.68681,TB
0.83492,0.93766,0.94794,0.66852,0.7482,0.47771,0.72642,-0.41998,-0.38782,0.0097972,-0.53674,-0.61592,0.86203,-0.8225,0.20596,TB
0.18021,0.77207,0.67896,0.02132,0.94512,0.064564,0.6559,-0.32372,0.0089828,-0.39758,-0.35457,-0.40665,0.67393,-0.34995,-0.021387,TB
0.71499,0.58588,0.86195,0.048689,0.76749,0.47977,0.76453,-0.65216,-0.31319,0.20578,0.22863,-0.90363,0.70607,-0.23001,0.29215,TB
0.54015,0.73847,0.8247,0.018659,0.87772,0.34501,0.62124,-0.41077,-0.32346,-0.22036,-0.094793,-0.87114,0.63081,-0.19847,-0.051904,TB
0.80103,0.78752,0.98089,0.41933,0.72963,0.57431,0.80578,-0.7022,-0.43994,-0.45521,-0.28257,-0.84194,0.66458,-0.69221,0.021364,TB
0.89874,0.75791,0.84109,0.50664,0.86355,0.68626,0.86339,-0.78904,-0.71392,-0.41164,-0.77519,-0.58736,0.71235,-0.758,-0.1193,TB
0.55036,0.77244,0.79932,0.63616,0.95069,0.51451,0.95216,-0.57198,-0.63934,-0.2077,-0.59371,-0.69925,0.85876,-0.84794,0.42296,TB
0.39298,0.88635,0.56502,0.23271,0.80851,0.43705,0.96252,-0.69654,-0.72078,-0.31048,-0.505,-0.74699,0.5477,-0.62899,0.15533,TB
0.55473,0.88431,0.81348,0.20646,0.83149,0.37178,0.97977,-0.37524,-0.28288,-0.63745,-0.89899,-0.5129,0.60645,-0.35478,0.63817,TB
0.53392,0.72375,0.81006,0.68153,0.95495,0.47234,0.92273,-0.55801,-0.58141,-0.54035,-0.68101,-0.55961,0.81954,-0.65758,0.68071,TB
0.52328,0.97036,0.81843,0.33369,0.88454,0.37408,0.56179,-0.74062,-0.40602,-0.14762,-0.044395,-0.8478,0.64684,-0.57924,0.004803,TB
0.13677,0.14335,0.75884,0.99749,0.71691,0.27225,0.71769,-0.69126,-0.59443,-0.41564,-0.12905,-0.72036,0.29245,0.38839,0.58409,TB
0.55422,0.52356,0.74737,0.93607,0.40495,0.79963,0.87207,-0.58417,-0.4346,0.082637,0.16136,-0.95258,0.75063,-0.37593,-0.064727,TB
0.76309,0.62625,0.8716,0.15807,0.81564,0.57656,0.97276,-0.58438,-0.50322,-0.38903,-0.0055156,-0.67167,0.67501,-0.37495,0.36229,TB
0.52156,0.91734,0.72276,0.39486,0.91689,0.37593,0.94735,-0.53778,-0.41541,-0.48192,-0.89074,-0.49484,0.89333,-0.45689,0.41478,TB
0.87193,0.63133,0.99326,0.2961,0.72576,0.58705,0.89272,-0.57036,-0.45451,-0.063042,0.15473,-0.81247,0.8754,-0.35799,0.25483,TB
0.76249,0.87829,0.81708,0.48728,0.84007,0.55181,0.91301,-0.66923,-0.47275,-0.24276,-0.48483,-0.75904,0.86762,-0.79138,0.41288,TB
0.613,0.61722,0.79673,-0.033447,0.71064,0.36173,0.63985,-0.4234,-0.21903,-0.48378,-0.15949,-0.6398,0.61575,-0.030409,0.031242,TB
0.86317,0.71758,0.74672,0.40472,0.81859,0.65899,0.90511,-0.73746,-0.60284,-0.47432,-0.64051,-0.87746,0.42456,-0.472,-0.25979,TB
0.80409,0.889,0.99315,0.87168,0.9045,0.67002,0.95603,-0.73107,-0.64129,-0.27592,0.20127,-0.93308,0.69834,-0.8014,0.71089,TB
0.83047,0.87132,0.86233,0.57202,0.81917,0.61885,0.96989,-0.76756,-0.51296,-0.21738,-0.20759,-0.78143,0.82148,-0.42272,0.29448,TB
0.87246,0.82927,0.92325,0.57163,0.95169,0.77187,0.97569,-0.87322,-0.81314,-0.20802,0.1958,-0.98098,0.79499,-0.59383,0.44124,TB
0.51996,0.77238,0.81291,0.58572,0.98553,0.42918,0.79757,-0.81136,-0.50049,0.016422,0.051749,-0.87945,0.84741,-0.84448,0.36646,TB
0.085456,0.14796,0.41497,0.85569,0.48152,0.27153,0.86292,-1,-0.87403,-0.44,-0.19791,-0.68809,0.49569,-0.65653,-0.11659,TB
0.47658,0.94002,0.8021,0.15922,0.91159,0.42364,0.80082,-0.34434,-0.54907,-0.33267,-0.14708,-0.76724,0.68254,-0.4974,0.05528,TB
0.16707,0.86718,0.47702,-0.10146,0.68209,0.25201,0.89764,-0.71697,-0.63106,-0.45784,-0.76559,-0.72283,0.30737,-0.1193,0.20363,TB
0.33811,0.91395,0.58616,-0.064929,0.9801,0.32555,0.65245,-0.21761,-0.47832,-0.27276,-0.36024,-0.66254,0.8098,-0.12304,-0.15256,TB
0.70324,0.48066,0.97336,0.61016,0.76543,0.94382,0.85247,-0.8124,-0.89369,-0.4991,-0.84927,-0.41893,0.75348,-0.63244,0.35991,TB
0.42266,0.7216,0.88949,0.49454,0.99257,0.34762,0.84719,-0.53314,-0.46858,-0.019822,-0.62137,-0.54797,0.60576,-0.40193,-0.23297,TB
0.39462,0.94359,0.82091,0.045725,0.80631,0.15296,0.79909,-0.14236,0.07386,-0.37179,-0.66979,-0.30692,0.66505,-0.76484,-0.036158,TB
0.63374,0.56112,0.872,-0.076844,0.77856,0.43326,0.82267,-0.42152,-0.46833,-0.5793,-0.64043,-0.80605,0.68921,-0.33009,-0.24196,TB
0.5909,0.69237,0.97152,0.82962,0.83516,0.42933,0.87939,-0.57349,-0.44163,-0.40204,-0.26556,-0.80916,0.76424,-0.91964,0.22774,TB
0.49216,0.83352,0.80195,0.062872,0.81564,0.27952,0.87944,-0.54927,-0.21957,-0.55098,-0.36806,-0.70057,0.67725,0.080111,0.25218,TB
0.8307,0.8305,0.97471,0.51689,0.76155,0.62903,0.62866,-0.62092,-0.49023,-0.3163,-0.19867,-0.73516,0.64271,-0.61827,0.68626,TB
0.55951,0.95208,0.85942,0.41011,0.82941,0.32644,0.98484,-0.47305,-0.28401,-0.38072,-0.35743,-0.63439,0.73626,-0.70186,0.20952,TB
0.36261,0.80961,0.89357,0.27689,0.69963,0.39615,-0.59724,-0.25413,-0.10329,0.12866,-0.15976,-0.59219,0.60369,-0.69018,-0.083418,TB
0.15438,0.39051,0.57457,0.51254,0.63294,0.38224,0.57194,-0.48234,-0.75221,-0.54698,0.061699,-0.68874,0.38014,0.10402,0.59859,TB
0.65265,0.79533,0.78342,0.77089,0.96398,0.48152,0.99451,-0.44254,-0.51031,-0.42784,-0.57427,-0.75006,0.7741,-0.74063,0.46696,TB
0.30951,0.65161,0.42808,0.39725,0.65981,0.50122,0.76804,-0.94618,-0.92177,-0.2226,-0.018142,-0.77373,0.68176,-0.46379,0.29817,TB
0.87215,0.96246,0.74959,0.75613,0.7359,0.59628,0.8749,-0.5719,-0.56986,-0.24398,0.016979,-0.70485,0.46115,-0.42758,-0.0039647,TB
0.74037,0.84784,0.88692,0.41727,0.81883,0.59038,0.69788,-0.52972,-0.53294,-0.50614,-0.18448,-0.77957,0.60828,-0.40311,0.61691,TB
0.62722,0.97038,0.59716,0.41147,0.9055,0.64167,0.98683,-0.76806,-0.84552,-0.19835,-0.31761,-0.77436,0.88987,-0.62004,-0.10567,TB
0.72212,0.88439,0.8578,0.75029,0.92103,0.64191,0.98761,-0.53998,-0.65198,-0.4088,0.017682,-0.83562,0.56223,-0.65193,0.54639,TB
0.95274,0.90522,0.61394,0.78985,0.8129,0.4816,-0.10032,-0.10571,-0.40941,-0.10307,-0.51073,-0.97829,0.28349,-0.58027,-0.74768,TB
0.5199,0.73572,0.78986,0.63946,0.98669,0.44276,0.93021,-0.63011,-0.54361,-0.37452,-0.41821,-0.58425,0.69928,-0.52447,0.30698,TB
0.54626,0.97882,0.84492,0.30366,0.85171,0.40174,0.74378,-0.3446,-0.41375,-0.27381,-0.47153,-0.78236,0.83598,-0.64637,0.21011,TB
0.76243,0.93913,0.7966,0.7349,0.86891,0.5952,0.74524,-0.67555,-0.59242,-0.38882,-0.47786,-0.80566,0.53369,-0.677,0.26847,TB
0.50051,0.53148,0.99964,0.94853,0.88017,0.4542,0.58616,-0.42915,-0.40263,-0.16119,-0.38125,-0.77951,0.55533,-0.63111,0.3148,TB
0.54229,0.909,0.91257,0.43729,0.78705,0.2871,0.81498,-0.4304,-0.12833,-0.26158,-0.040421,-0.59416,0.66942,-0.32601,0.50549,TB
0.87599,0.86934,0.91861,0.63211,0.77104,0.66306,0.76997,-0.61267,-0.56364,-0.24497,0.20343,-0.65146,0.80687,-0.78196,0.63452,TB
0.66778,0.92358,0.98705,0.41228,0.78549,0.45051,0.8269,-0.43836,-0.35678,0.056593,-0.39591,-0.86091,0.98735,-0.80215,0.31389,TB
0.97357,0.79898,0.80918,0.66386,0.96233,0.93646,0.73756,-0.77262,-0.95595,-0.70055,-0.70632,-0.98336,0.34186,-0.78228,-0.62518,TB
0.66158,0.7632,0.78239,0.20519,0.78866,0.52777,0.68423,-0.33901,-0.48822,-0.44259,-0.33748,-0.7582,0.4999,-0.23831,0.31906,TB
0.78281,0.81079,1,0.4261,0.8005,0.5792,0.80411,-0.68688,-0.51033,-0.13679,-0.3056,-0.76577,0.73477,-0.50024,0.47962,TB
0.51354,0.997,0.70693,0.28841,0.98522,0.6303,0.61235,-0.11506,-0.75394,0.31016,0.48821,-0.60034,0.88461,-0.40832,0.38637,TB
0.8636,0.60889,0.85375,0.59292,0.49818,0.64778,0.92806,-0.46279,-0.29141,-0.50078,-0.72387,-0.75565,0.4893,-0.74647,0.39163,TB
0.75093,0.72344,0.88407,0.26985,0.72746,0.51926,0.77813,-0.51064,-0.3779,-0.47677,-0.26551,-0.59321,0.73961,-0.19838,0.50373,TB
0.45341,0.80938,0.89064,0.42508,0.98121,0.46346,0.68397,-0.38689,-0.59688,-0.13206,-0.21511,-0.79249,0.68733,-0.31062,0.48637,TB
0.88845,0.73021,0.86522,0.4545,0.69413,0.54464,0.78137,-0.74237,-0.46449,-0.22737,-0.29733,-0.74299,0.88993,-0.28913,-0.29452,TB
0.75962,0.69582,0.96333,0.24481,0.76377,0.46891,0.96147,-0.58662,-0.33932,0.017509,0.0071378,-0.86835,0.7297,-0.5028,0.26292,TB
0.68586,0.861,0.83291,0.35942,0.91906,0.6017,0.69275,-0.57255,-0.66081,-0.31798,-0.3265,-0.91677,0.70324,-0.71802,0.11634,TB
0.19301,0.7673,0.70094,0.048054,0.92422,0.08788,0.78367,-0.16363,-0.26195,-0.14717,-0.18442,-0.74662,0.66818,-0.087158,-0.4274,TB
0.8094,0.72544,0.96382,0.34699,0.63857,0.43491,0.4152,-0.16627,-0.020231,-0.46033,-0.4346,-0.852,0.19655,-0.7707,-0.27354,TB
0.76073,0.68715,0.96831,0.23486,0.77833,0.53595,0.84285,-0.57062,-0.46104,-0.18219,-0.45739,-0.79437,0.66162,-0.40139,0.28841,TB
0.86434,0.84217,0.87414,0.57846,0.73781,0.58256,0.8899,-0.59074,-0.451,-0.25327,0.60655,-0.76365,0.50546,-0.65558,0.42788,TB
0.93546,0.90989,0.97841,0.95869,0.73876,0.62828,0.89047,-0.59474,-0.54453,-0.55206,-0.56824,-0.38192,0.77036,-0.62295,0.05127,TB
0.66003,0.49869,0.87183,0.70874,0.96894,0.57088,0.91855,-0.70938,-0.59361,-0.36323,0.019061,-0.74585,0.58307,-0.6269,0.3803,TB
0.44357,0.93574,0.77933,0.10742,0.96344,0.44228,0.75413,-0.19665,-0.53798,-0.11667,-0.15473,-0.8444,0.771,-0.29669,0.091144,TB
0.17605,0.42768,0.93836,0.49276,0.98671,0.0093433,0.7522,-0.30177,-0.05875,-0.5324,-0.53923,-0.61992,0.53164,-0.25364,0.051111,TB
0.83726,0.95855,0.92079,0.70034,0.86294,0.72661,0.82251,-0.62875,-0.67346,-0.30578,-0.32196,-0.90342,0.72538,-0.67269,0.39901,TB
0.66788,0.89282,0.87579,0.37424,0.72755,0.30324,0.87432,-0.49777,-0.30218,-0.31132,-0.62816,-0.54799,0.39503,-0.58034,-0.4796,TB
0.57659,0.74176,0.95246,0.72631,0.91639,0.45144,0.78628,-0.58756,-0.4876,-0.36761,-0.62889,-0.50949,0.77905,-0.56655,0.22558,TB
0.69545,0.9797,0.79326,0.52227,0.91313,0.51777,0.89121,-0.643,-0.5394,-0.37413,-0.78116,-0.64945,0.83156,-0.47535,0.30388,TB
0.53798,0.99392,0.85388,0.30889,0.94059,0.4725,0.90919,-0.44473,-0.59776,-0.099918,0.20646,-0.88968,0.94855,-0.53771,0.13768,TB
0.57285,0.38831,0.87812,0.64896,0.98397,0.3854,0.65187,-0.31918,-0.38378,-0.347,-0.61047,-0.39838,0.32414,-0.74582,0.39382,TB
0.41094,0.8509,0.63955,0.30366,0.81863,0.51875,0.91442,-0.61857,-0.80353,-0.67874,-0.77573,-0.76341,0.54828,-0.11511,-0.24534,TB
0.34875,0.75222,0.74651,0.32727,0.98608,0.32879,0.72078,-0.5074,-0.46554,-0.32632,-0.66879,-0.82796,0.91077,-0.54492,0.38193,TB
0.67956,0.64578,0.79626,0.93616,0.89214,0.50163,0.96999,-0.68278,-0.58094,-0.19512,-0.32515,-0.16981,0.47698,-0.77589,0.0022656,TB
0.74187,0.68125,0.93361,0.20371,0.82259,0.54648,0.73249,-0.62726,-0.46875,-0.23427,-0.15898,-0.83372,0.54919,-0.41518,0.5741,TB
0.77721,0.60151,0.88031,0.70439,0.69529,0.95142,0.97647,-0.66581,-0.73879,0.072506,0.07565,-0.80441,0.79081,-0.56513,0.38376,TB
0.79792,0.68446,0.8958,0.27765,0.86151,0.62977,0.92121,-0.70317,-0.61003,-0.24237,-0.36373,-0.85237,0.45074,-0.48475,0.35907,TB
0.75349,0.8082,0.88245,0.91581,0.81576,0.58079,0.90841,-0.48031,-0.498,-0.12442,-0.45747,-0.88131,0.72818,-0.54841,0.27207,TB
0.52714,0.79072,0.75143,0.061451,0.88782,0.46099,0.82293,-0.14949,-0.4724,-0.21938,-0.57208,-0.7405,0.50247,-0.29357,0.3416,TB
0.6098,0.62732,0.79994,0.97508,0.96787,0.5592,0.90088,-0.47699,-0.64351,-0.55532,-0.62086,-0.43144,0.37355,-0.79473,0.38988,TB
0.9396,0.60228,0.86242,0.4829,0.70423,0.73973,0.94856,-0.65877,-0.54944,-0.59441,-0.79322,-0.20695,0.76441,-0.63723,0.34851,TB
0.74595,0.89268,0.88978,0.48305,0.85904,0.59419,0.8877,-0.6554,-0.57151,-0.69904,-0.40956,-0.7741,0.73809,-0.58578,0.50221,TB
0.82266,0.33821,0.86111,0.21115,0.50588,0.69473,0.83213,-0.36428,-0.36333,-0.29232,-0.56064,-0.71519,0.56414,-0.20789,0.1309,TB
0.89348,0.75885,0.96144,0.5011,0.75805,0.70466,0.86815,-0.33022,-0.60738,-0.52276,-0.32007,-0.68298,0.88697,-0.45203,0.50386,TB
0.6656,0.9376,0.79431,0.42656,0.91784,0.59244,0.78686,-0.35042,-0.64643,-0.16326,-0.34053,-0.85169,0.67617,-0.53724,0.52167,TB
-0.75145,-0.16138,0.64909,-1,0.33728,-0.57455,-1,1,-0.60616,0.036332,0.47234,-0.40199,-0.53297,0.36002,-0.066517,TB
0.72618,0.92407,0.91906,0.70046,0.77858,0.43384,0.95765,-0.4305,-0.28648,0.075766,0.568,-0.76728,0.62436,-0.94965,0.64367,TB
0.67524,0.84792,0.95344,0.32855,0.75605,0.39279,0.95954,-0.43317,-0.26702,-0.40442,-0.90983,-0.47983,0.7054,-0.59106,0.23664,TB
0.60459,0.30379,0.56945,0.4425,0.22231,0.59547,0.91154,-0.30696,0.018474,-0.69199,-0.57946,-0.35892,0.61537,-0.42467,0.19604,TB
0.48722,0.73413,0.91683,0.58639,0.90763,0.55334,0.77614,-0.48733,-0.76441,-0.5474,-0.48605,-0.9344,0.49887,-0.5732,0.21582,TB
0.55676,0.9787,0.74715,0.37388,0.95739,0.54744,0.60613,-0.58171,-0.67731,-0.3102,0.056859,-0.72363,0.68201,-0.30452,0.45871,TB
0.15772,0.81595,0.78314,-0.063538,0.92529,0.086297,0.4118,-0.10081,0.082694,0.087229,-0.48789,-0.55254,0.30214,-0.27864,0.40123,TB
0.95596,0.93815,0.93812,0.971,0.89017,0.90851,0.9609,-0.89301,-0.85742,-0.16967,0.097118,-0.94955,0.7049,-0.91648,0.58431,TB
0.91773,0.69643,0.90292,0.44392,0.74754,0.66052,0.93554,-0.65744,-0.51895,-0.031565,-0.052155,-0.69135,0.82677,-0.66541,0.56046,TB
0.42766,0.96769,0.92333,0.1933,0.77335,0.91465,0.3726,-0.2244,-0.83494,-0.56177,-0.54288,-0.19069,0.20073,0.24826,-0.13109,TB
0.61611,0.78348,0.94843,0.7287,0.95064,0.52722,0.91766,-0.72133,-0.56039,-0.78874,-0.23733,-0.88412,0.64911,-0.729,0.32488,TB
0.45212,0.21854,0.7749,0.52055,0.61288,0.70773,0.90626,-0.78625,-0.91469,-0.65901,-0.52934,-0.71318,0.2601,-0.66395,0.70801,TB
0.53837,0.80275,0.71499,0.09009,0.89993,0.3488,0.83621,-0.46394,-0.40461,-0.37806,-0.38836,-0.80761,0.93189,-0.53333,-0.2158,TB
0.25283,0.21846,0.57223,0.90955,0.59434,0.4464,0.98845,-0.8519,-0.90061,-0.56342,0.14124,-0.64843,0.75691,-0.41151,0.42962,TB
0.69508,0.92462,0.88491,0.45232,0.99516,0.6812,0.84766,-0.5838,-0.8099,-0.051475,-0.1885,-0.91958,0.43092,-0.85685,0.23721,TB
0.88784,0.88368,0.88598,0.66852,0.79149,0.63046,0.97214,-0.72846,-0.5802,-0.43313,-0.46347,-0.37939,0.90399,-0.85494,0.018668,TB
0.53915,0.66563,0.81042,0.78296,0.90822,0.47886,0.79088,-0.36081,-0.46227,-0.38661,-0.19864,-0.81658,0.59787,-0.64706,0.75912,TB
0.96496,0.60202,0.80167,0.36574,0.57822,0.53914,0.70305,-0.55679,-0.22072,-0.1254,0.08222,-0.6702,0.76231,-0.52596,0.39267,TB
0.75382,0.87866,0.78274,0.80833,0.93045,0.65524,0.95206,-0.72034,-0.69565,-0.49913,-0.57214,-0.61512,0.60092,-0.56966,0.24774,TB
0.78441,0.77299,0.83139,0.97762,0.82354,0.61211,0.97501,-0.60789,-0.50431,-0.5998,-0.10239,-0.91196,0.78204,-0.63432,0.82202,TB
0.67114,0.48156,0.98346,0.66087,0.69502,0.9716,0.91787,-0.8236,-0.83309,-0.59132,-0.14016,-0.69341,0.424,-0.83329,-0.26756,TB
0.98036,0.76479,0.98603,0.67566,0.76117,0.76614,0.82507,-0.65161,-0.51415,-0.15449,-0.35092,-0.82134,0.63471,-0.99893,0.36933,TB
0.56066,0.72701,0.87168,0.72211,0.85868,0.38288,0.98761,-0.62222,-0.32695,-0.094449,-0.62305,-0.38367,0.76588,-0.48907,0.36485,TB
0.69309,0.88605,0.80507,0.70251,0.8974,0.47106,0.67932,-0.56488,-0.46575,-0.11906,0.12337,-0.77038,0.74736,-0.52659,0.10993,TB
0.57798,0.95904,0.95888,0.42943,0.82979,0.4144,0.67812,-0.52361,-0.34129,-0.46289,-0.21305,-0.79008,0.61705,-0.60385,0.5825,TB
-0.26762,0.12487,0.98817,-0.0003629,1,-0.44468,0.45718,0.042964,0.88335,-0.57793,-0.7409,-0.76958,0.10771,0.24826,0.13947,TB
0.15414,0.67044,0.70937,0.096924,0.90136,0.0091514,0.74524,-0.050377,0.1412,-0.42451,0.12653,-0.53045,0.32403,0.3095,0.20236,TB
0.68313,0.75143,0.95365,0.21853,0.64937,0.43376,0.65794,-0.090026,-0.21645,0.010638,0.087628,-0.51665,0.90288,-0.51296,0.4006,TB
0.41674,0.86765,0.76985,0.29235,0.98363,0.45845,0.79836,-0.2604,-0.52756,-0.2463,-0.28524,-0.85042,0.66269,-0.55136,0.69195,TB
0.74316,0.51297,0.76162,-0.012641,0.50898,0.27302,0.86789,-0.17888,0.11349,-0.50422,-0.5043,-0.38748,0.65467,-0.37681,0.0047124,TB
0.77678,0.91871,0.91125,0.56044,0.76869,0.59962,0.87897,-0.51124,-0.5018,-0.36032,-0.39053,-0.70122,0.57595,-0.59936,0.57996,TB
0.88702,0.83494,0.72036,0.59921,0.95635,0.88356,0.96795,-0.72979,-0.98847,-0.42805,-0.30512,-0.87378,0.76123,-0.24368,-0.18526,TB
-1,-1,-1,-0.07382,-1,-1,0.33851,-0.6614,-0.90619,1,0.17315,-0.573,0.011334,1,0.050228,TB
0.67635,0.75794,0.94385,0.86872,0.88732,0.52216,0.72255,-0.63363,-0.49186,-0.40561,0.28719,-0.81131,0.62984,-0.79108,0.27561,TB
0.80134,0.98086,0.87543,0.73596,0.75644,0.51067,0.9989,-0.68737,-0.38199,0.10335,-0.061266,-0.8102,0.66281,-0.93139,-0.013118,TB
0.67389,0.99041,0.84827,0.50416,0.94417,0.61233,0.82418,-0.65991,-0.7117,-0.012601,-0.12421,-0.71723,0.90407,-0.66958,0.26455,TB
0.83595,0.94408,0.95873,0.67871,0.81186,0.59069,0.98317,-0.65994,-0.50934,-0.28997,0.15198,-0.81144,0.57606,-0.68965,0.36888,TB
0.77824,0.32481,0.70742,0.24317,0.65961,0.90088,0.74817,-0.61609,-0.60637,-0.51396,-0.2001,-0.63204,0.81974,0.051551,0.87324,TB
0.77547,0.98303,0.92886,0.69444,0.75918,0.54404,0.80563,-0.6335,-0.42291,-0.16294,0.37463,-0.74855,0.69513,-0.7427,0.58216,TB
0.45794,0.69686,0.72728,0.59165,0.97842,0.47987,0.60801,-0.33332,-0.61726,0.013723,-0.045477,-0.83052,0.45625,-0.35132,0.44222,TB
0.94705,0.66006,0.87889,0.56141,0.79773,0.82014,0.95169,-0.79666,-0.70586,-0.52062,-0.14695,-0.78877,0.54573,-0.45003,0.55056,TB
0.44193,0.51467,0.79343,0.86718,0.60742,0.73165,0.89257,-0.59367,-0.89034,-1,-0.80433,-0.81213,0.016565,-0.739,0.051542,TB
0.4906,0.93364,0.84372,0.1722,0.96228,0.38008,0.75303,-0.66628,-0.40099,-0.735,-0.71397,-1,0.62973,-0.4931,0.17463,TB
0.64633,0.9592,0.89165,0.4255,0.80396,0.48028,0.81948,-0.41061,-0.47573,-0.36488,-0.16374,-0.87307,0.62655,-1,0.10503,TB
0.75118,0.74153,0.85525,0.29371,0.7978,0.57114,0.8005,-0.44875,-0.49831,-0.34157,-0.26267,-0.74916,0.77302,-0.17935,0.71538,TB
0.75033,0.64084,0.79123,0.8115,0.88974,0.64392,0.64047,-0.70739,-0.56818,-0.29453,-0.53528,-0.79305,0.53441,-0.30541,0.59125,TB
0.95469,0.98945,0.99959,0.95192,0.7225,0.65618,0.99953,-0.61418,-0.49901,-0.18334,0.18975,-0.79484,0.65198,-0.74177,0.51012,TB
0.67149,0.30216,0.75753,0.34379,0.49764,0.86159,0.96335,-0.61914,-0.46462,-0.042466,-0.1437,-0.8828,0.53527,-0.45575,0.2677,TB
0.60082,0.75228,0.82538,0.75093,0.91548,0.5337,0.72323,-0.61275,-0.57543,-0.29106,-0.054588,-0.81881,0.68896,-0.52833,0.39838,TB
0.34556,0.9491,0.7543,-0.018992,0.94059,0.33025,0.62009,-0.13257,-0.44853,-0.26197,-0.30441,-0.75517,0.67894,-0.33843,0.016969,TB
0.58077,0.95967,0.86111,0.33139,0.69406,0.38876,0.79418,-0.20347,-0.20274,-0.66413,-0.56411,-0.95462,0.19899,-0.75672,0.30533,TB
0.49985,0.72897,0.68018,-0.04376,0.78963,0.24944,0.73249,-0.31761,-0.08669,-0.3156,-0.47083,-0.76188,0.41446,-0.18461,0.10048,TB
0.82277,0.81514,0.97597,0.48541,0.60013,0.45955,0.84933,-0.15967,-0.15771,-0.54968,0.060726,-0.72207,0.26829,-0.68372,0.47838,TB
0.68664,0.77678,0.85927,0.25491,0.79343,0.48332,0.96743,-0.53666,-0.48506,-0.56047,-0.46723,-0.88756,0.82472,-0.29015,-0.075217,TB
0.96759,0.91573,0.98286,0.82605,0.80869,0.77828,0.92676,-0.59249,-0.70989,-0.39716,-0.33972,-0.87902,0.71833,-0.86306,0.32459,TB
0.64828,0.96995,0.92697,0.52149,0.83679,0.48435,0.92064,-0.53815,-0.40374,-0.10174,-0.23482,-0.798,0.88553,-0.64309,0.61141,TB
0.64256,0.94364,0.8223,0.40103,0.67378,0.37197,0.93967,-0.1266,-0.1664,0.23434,0.4114,-0.77987,0.73698,-0.64544,-0.029611,TB
0.44115,0.46022,0.86809,0.97054,0.56427,0.8962,0.766,-0.71089,-0.66611,-0.27511,-0.346,-0.69581,0.38631,-0.31876,0.6511,TB
0.9247,0.83074,0.8416,0.64424,0.901,0.83751,0.6812,-0.79053,-0.82857,0.10199,0.24352,-0.83058,0.63291,-0.74784,0.45015,TB
0.90934,0.7029,0.98744,0.44253,0.83296,0.69998,0.9965,-0.79967,-0.63743,-0.36839,0.1583,-0.90216,0.86421,-0.42116,0.48091,TB
0.53979,0.83717,0.82099,0.13152,0.73095,0.22749,0.86909,-0.47482,-0.038063,-0.052772,-0.27946,-0.69505,0.54111,-0.54968,-0.1416,TB
0.69541,0.71881,0.958,0.96577,0.89108,0.51511,0.90124,-0.55378,-0.49352,-0.3822,0.11304,-0.84633,0.85826,-0.73468,0.59421,TB
0.5372,0.8072,0.96977,0.56464,0.91483,0.37461,0.74033,-0.69181,-0.27656,0.21065,0.65966,-0.81025,0.72962,-0.80382,0.43803,TB
0.46887,0.87375,0.71193,0.36704,0.96493,0.37672,0.94913,-0.5411,-0.52812,-0.5284,-0.42795,-0.87324,0.89317,-0.2852,-0.055846,TB
-0.088949,-0.25447,0.65622,0.45819,-0.0045846,0.59463,0.90192,-0.55316,-0.3372,-0.5447,-0.34356,-0.53839,-0.033116,0.50203,0.54951,TB
0.74369,0.86091,0.95898,0.81876,0.76425,0.99995,0.8808,-0.74135,-0.79991,0.12014,0.57722,-0.92847,0.63953,-0.56906,0.43388,TB
0.91461,0.79133,0.97445,0.57471,0.78863,0.73402,0.75188,-0.53637,-0.61773,-0.53184,0.060726,-0.80123,0.73402,-0.58632,0.88076,TB
0.50077,0.74947,0.80229,0.54036,0.95037,0.33452,0.97914,-0.32179,-0.27908,-0.15544,-0.3955,-0.35172,0.6077,-0.44844,0.42312,NOTB
0.53335,0.9039,0.68656,0.38622,0.95714,0.3879,0.99712,-0.37115,-0.41907,0.27784,-0.039691,-0.16458,0.69239,-0.42284,-0.1317,NOTB
0.4751,0.73093,0.80428,0.52427,0.95309,0.33474,0.92205,-0.22657,-0.35399,0.088175,-0.24858,-0.11248,0.61146,-0.74642,-0.086998,NOTB
0.65857,0.94221,0.85454,0.38322,0.85005,0.46495,0.87761,-0.53718,-0.34528,-0.41301,-0.56508,-0.37772,0.54346,-0.59701,0.42133,NOTB
0.54266,0.74482,0.79361,-0.0035685,0.84265,0.31569,0.94265,-0.12122,-0.14814,-0.24731,-0.30238,-0.14478,0.60241,-0.31655,0.33929,NOTB
0.62532,0.99164,0.82992,0.39523,0.953,0.53514,0.95797,-0.61953,-0.55608,-0.40084,-0.67669,-0.46179,0.57474,-0.45196,0.38086,NOTB
0.47931,0.9858,0.68161,0.20979,0.8415,0.26769,0.95514,0.033672,0.033656,-0.20213,-0.46466,-0.25141,0.62915,-0.39842,0.33351,NOTB
0.2729,0.43868,0.83319,0.62334,0.76989,0.33131,0.79773,-0.31667,-0.57722,0.41315,-0.074758,-0.027965,0.73983,-0.56389,-0.1162,NOTB
0.48002,0.65828,0.71178,-0.17709,0.85524,0.28588,0.96665,-0.077054,-0.30867,-0.47989,-0.49532,-0.40693,0.18069,-0.31604,-0.5576,NOTB
0.38145,0.56942,0.77266,0.60786,0.93817,0.35172,0.92482,-0.15541,-0.331,-0.41925,-0.62029,-0.13557,0.27814,-0.081228,0.22819,NOTB
0.48755,0.98841,0.95359,0.21892,0.68019,0.16431,0.91708,-0.19723,0.18359,-0.41988,-0.41505,-0.17241,0.62406,-0.39249,-0.15245,NOTB
0.709,0.88937,0.85486,0.67372,0.842,0.46749,0.96649,-0.27321,-0.3951,0.15846,-0.06078,-0.66803,0.64595,-0.57585,-0.22896,NOTB
0.63424,0.85137,0.79155,0.61094,0.95678,0.51782,0.92085,-0.61332,-0.43388,-0.30463,-0.56597,-0.44894,0.73142,-0.5885,0.80475,NOTB
0.68557,0.95106,0.99217,0.43215,0.77611,0.38029,0.87678,-0.41087,-0.38636,-0.46149,-0.13605,-0.54265,0.4671,-0.2435,-0.52869,NOTB
0.49058,0.72113,0.94407,0.56449,0.9998,0.32371,0.82628,-0.55697,-0.42408,0.075416,0.061699,-0.34644,0.65124,-0.47372,-0.19164,NOTB
0.4012,0.72974,0.73468,0.40243,0.99669,0.27705,0.90009,-0.50991,-0.32966,-0.52304,-0.63067,-0.34283,0.60167,-0.52866,0.090849,NOTB
0.50237,0.65496,0.78177,0.68612,0.90985,0.39445,0.99399,-0.58498,-0.60224,-0.16301,-0.43284,-0.42702,0.40524,-0.51738,-0.49287,NOTB
0.79074,0.82391,0.8336,0.41464,0.6642,0.45451,0.8371,-0.22109,-0.11896,-0.1423,-0.28716,-0.087022,0.6129,-0.61171,0.3798,NOTB
0.59899,0.88388,0.82803,0.51223,0.89599,0.38696,0.84003,-0.3967,-0.26127,-0.15113,-0.40775,-0.15017,0.56081,-0.3859,0.5274,NOTB
0.54417,0.751,0.6994,0.60985,0.93337,0.31776,0.83098,-0.37705,-0.28851,-0.18247,-0.36695,-0.069456,0.65392,-0.70709,0.11971,NOTB
0.69408,0.74851,0.99399,0.86155,0.83108,0.54346,0.81049,-0.61588,-0.47813,-0.32899,0.099957,-0.6149,0.77554,-0.6766,-0.026598,NOTB
0.55781,0.83786,0.74985,0.50948,0.95325,0.41997,0.95326,-0.54791,-0.31951,-0.072226,-0.27608,-0.46386,0.77191,-0.60683,0.2334,NOTB
0.36021,0.70147,0.84171,0.37221,0.96855,0.28643,0.95959,-0.36261,-0.21306,-0.25064,-0.48632,-0.12256,0.57739,-0.35006,0.81567,NOTB
0.60482,0.94588,0.84534,0.31179,0.86486,0.37331,0.85968,-0.24959,-0.21423,-0.025361,-0.32983,-0.25645,0.87401,-0.34188,0.48712,NOTB
0.69322,0.94078,0.80822,0.58009,0.99977,0.64366,0.9678,-0.76618,-0.70707,-0.32744,-0.52761,-0.35395,0.81747,-0.5258,0.4723,NOTB
0.64701,0.77219,0.7905,0.74697,0.99703,0.58645,0.92723,-0.839,-0.71143,-0.45682,-0.56989,-0.30813,0.79771,-0.6636,-0.27916,NOTB
0.45376,0.9798,0.80024,0.17903,0.78035,0.14483,0.85006,-0.11884,0.10281,-0.24549,-0.65941,-0.14517,0.69987,-0.1414,0.1561,NOTB
0.62101,0.77597,0.81087,0.69882,0.95266,0.44828,0.94788,-0.31654,-0.32806,0.0034877,-0.44395,-0.1554,0.65888,-0.89376,0.62265,NOTB
0.56871,0.99306,0.93179,0.33193,0.75089,0.25726,0.8292,-0.34951,-0.1907,-0.47214,-0.41059,-0.59535,0.51354,-0.57501,-0.6344,NOTB
0.48599,0.8144,0.76945,0.42695,0.93794,0.37183,0.96152,-0.49761,-0.25985,-0.000999,-0.2077,-0.67615,0.74567,-0.53292,0.05528,NOTB
0.83326,0.75559,0.93489,0.37953,0.7491,0.5786,0.76558,-0.47279,-0.34585,-0.48259,-0.68442,-0.027748,0.53884,-0.18777,0.63076,NOTB
0.30937,0.81418,0.66471,0.1454,0.8906,0.18719,0.81985,-0.061497,0.0084487,-0.52914,-0.30087,1,0.39046,-0.070064,0.29475,NOTB
0.6253,0.9593,0.77075,0.45547,0.84392,0.35026,0.79046,-0.35423,-0.22528,-0.011795,-0.26967,-0.41108,0.7718,-0.72012,0.18736,NOTB
0.59085,0.8645,0.88972,0.19718,0.95169,0.58491,0.86643,-0.57315,-0.7163,0.081901,-0.57484,-0.62587,0.18598,-0.66251,-0.60056,NOTB
0.50461,0.61381,0.95564,0.75755,0.74512,0.26424,0.9277,-0.26274,0.16243,-0.48013,-0.35649,-0.0065482,0.21546,-0.62983,0.26491,NOTB
0.68717,0.8655,0.89815,0.6736,0.92327,0.55737,0.82769,-0.46945,-0.48707,-0.16848,-0.23079,-0.44515,0.84955,-0.34076,0.67111,NOTB
0.70308,0.96828,0.82604,0.47842,0.82975,0.47488,0.84065,-0.45329,-0.29213,-0.25113,-0.37717,-0.41188,0.79682,-0.67055,0.70561,NOTB
0.51342,0.75661,0.87667,0.55097,0.96905,0.41867,0.96142,-0.49834,-0.45623,-0.0021908,-0.049505,-0.5131,0.83972,-0.64404,0.32432,NOTB
0.62581,0.86881,0.70628,0.5738,0.97175,0.52329,0.93178,-0.66944,-0.58605,-0.29194,-0.47434,-0.59894,0.78055,-0.53319,-0.10906,NOTB
0.4284,0.8355,0.88448,0.30853,0.86993,0.18055,0.93418,-0.13304,-0.06705,-0.014599,-0.45247,-0.3743,0.52973,-0.58997,-0.1868,NOTB
0.51574,0.85516,0.7356,0.42066,0.97525,0.47569,0.96848,-0.53491,-0.53023,-0.46706,0.098199,-0.59323,0.61979,-0.44268,0.48243,NOTB
0.5493,0.65284,0.86723,0.77152,0.98673,0.4067,0.81629,-0.49991,-0.42564,0.26169,-0.052587,-0.65867,0.63023,-0.34648,0.18453,NOTB
0.66855,0.63892,0.87378,0.026794,0.64983,0.33668,0.8177,-0.030801,-0.21388,-0.27213,-0.30301,-0.312,0.55639,-0.32432,-0.90007,NOTB
0.56312,0.96722,0.80097,0.35407,0.92477,0.3814,0.96205,-0.27337,-0.32373,0.16992,-0.36449,-0.27501,0.73643,-0.42084,0.1172,NOTB
0.47799,0.92301,0.93898,0.27928,0.91605,0.3072,0.89826,-0.50145,-0.24102,-0.27346,-0.61315,-0.29846,0.45874,-0.66414,-0.42611,NOTB
0.61513,0.84694,0.97698,0.5872,0.94786,0.43309,0.79135,-0.42779,-0.41451,-0.20245,-0.40688,-0.34499,0.6155,-0.64523,0.053717,NOTB
0.56642,0.47907,0.96256,0.88759,0.84095,0.58772,0.91301,-0.74804,-0.79328,-0.25853,-0.40699,-0.35362,0.58132,-0.71928,0.34018,NOTB
0.56531,0.93654,0.75413,0.39423,0.99067,0.45792,0.81028,-0.53316,-0.50418,-0.5582,-0.63716,-0.61094,0.48332,-0.63844,0.17776,NOTB
0.72065,0.95855,0.9497,0.5976,0.74897,0.41971,0.75125,-0.47811,-0.25499,-0.22702,-0.37649,-0.1927,0.75076,-0.46935,-0.0043726,NOTB
0.48484,0.91475,0.84429,0.29936,0.89375,0.28206,0.9725,-0.28705,-0.23954,-0.29313,-0.60872,-0.28509,0.63369,-0.2385,-0.09316,NOTB
0.6424,0.86295,0.86088,0.60765,0.91924,0.56373,0.89748,-0.42286,-0.52697,-0.0717,-0.059401,-0.15324,0.68852,-0.72598,0.60962,NOTB
0.41983,0.92305,0.73487,0.19158,0.92855,0.33407,0.71184,-0.15017,-0.322,-0.66241,-0.72398,-0.12581,0.51099,-0.1721,0.030223,NOTB
0.60785,0.72285,0.8863,0.75879,0.91204,0.54497,0.97977,-0.33293,-0.64791,-0.017474,-0.64543,-0.53077,0.40565,-0.58066,-0.0080428,NOTB
0.85292,0.82005,0.92017,0.49182,0.70926,0.67508,0.53199,-0.47986,-0.47567,-0.18751,-0.57287,-0.0012915,0.83042,-0.37614,0.64274,NOTB
0.54713,0.85902,0.71093,0.13173,0.94795,0.45406,0.67874,-0.45384,-0.51602,-0.47656,-0.58192,-0.11175,0.53325,-0.33392,-0.19119,NOTB
0.70376,0.74182,0.77178,0.19708,0.74935,0.43247,0.92535,-0.2517,-0.19759,-0.27048,-0.4018,-0.45136,0.47767,-0.35144,-0.055393,NOTB
0.55619,0.8632,0.88615,0.47325,0.81673,0.23401,0.79235,-0.21171,0.013523,0.30392,-0.29749,-0.4795,0.41363,-0.20433,-0.16394,NOTB
0.67587,0.91051,0.97939,0.59425,0.86251,0.45554,0.84724,-0.54846,-0.45463,-0.35587,-0.57927,-0.56106,0.4594,-0.82429,-0.68586,NOTB
0.69787,0.96459,0.75317,0.46639,0.8405,0.48702,0.91761,-0.51283,-0.51289,-0.64818,-0.66404,-0.33469,0.46195,-0.52091,-0.40937,NOTB
0.56849,0.82552,0.83907,0.5432,0.9691,0.41409,0.71597,-0.40631,-0.40159,0.062516,-0.13892,-0.35899,0.68185,-0.52717,0.30737,NOTB
0.55818,0.88325,0.79487,0.45027,0.99728,0.45881,0.96387,-0.65775,-0.39559,-0.20648,-0.61926,-0.25264,0.56242,-0.55664,0.95052,NOTB
0.35101,0.94266,0.6403,0.066955,0.9698,0.30771,0.78785,-0.32529,-0.18403,-0.049477,-0.45058,-0.53726,0.41097,-0.58832,0.7014,NOTB
0.72247,0.88723,0.88681,0.40397,0.88057,0.5307,0.85283,-0.59424,-0.44138,-0.44147,-0.69637,-0.25766,0.71503,-0.49017,0.58898,NOTB
0.68709,0.83752,0.7859,0.2941,0.81,0.41047,0.87348,-0.45992,-0.16252,-0.19011,-0.51893,-0.14452,0.31216,-0.26857,0.40372,NOTB
0.55133,0.84113,0.8545,0.4949,0.94895,0.55123,0.98066,-0.52298,-0.62017,-0.4088,-0.75777,-0.42854,0.49782,-0.49298,0.73044,NOTB
0.23415,0.83845,0.80195,-0.0011492,0.91087,0.095052,0.82873,0.071833,0.076572,-0.083022,-0.0077597,-0.26608,0.419,-0.3179,-0.1056,NOTB
0.69305,0.86834,0.90983,0.67874,0.99789,0.61322,0.86036,-0.68398,-0.62188,-0.55315,-0.51587,-0.42999,0.57717,-0.52889,0.60729,NOTB
0.67102,0.87709,0.82683,0.32111,0.74722,0.3672,0.86873,-0.27282,-0.2312,-0.61379,-0.48586,-0.4672,0.6666,-0.52854,-0.14357,NOTB
0.54077,0.6377,0.74989,0.78175,0.81086,0.61751,0.97182,-0.55934,-0.86743,-0.090664,-0.49854,0.0076861,0.48711,-0.368,-0.37597,NOTB
0.53027,0.99843,0.74168,0.26994,0.93889,0.38982,0.57643,-0.51614,-0.3251,-0.45935,-0.52133,-0.32814,0.70958,-0.54699,0.4288,NOTB
0.55742,0.91248,0.96681,0.20673,0.73033,0.25568,0.71178,-0.1503,0.022788,-0.078991,-0.49605,-0.11651,0.27419,-0.19428,-0.16969,NOTB
0.59711,0.8052,0.99101,0.61735,0.93283,0.42201,0.78053,-0.28175,-0.39838,-0.18306,-0.46358,-0.51336,0.56829,-0.8007,0.087972,NOTB
0.66923,0.82933,0.8413,0.69743,0.77813,0.47685,0.93413,-0.28303,-0.22678,-0.26747,-0.34548,0.0059987,0.49644,-0.70391,0.2781,NOTB
0.49518,0.83331,0.87705,0.41673,0.853,0.31001,0.75167,-0.29566,-0.10292,-0.12964,0.0058941,-0.52333,0.79297,-0.66634,-0.013661,NOTB
0.8904,0.86061,0.73819,0.5973,0.68388,0.9579,0.47579,-0.1983,-0.90971,0.43032,0.0428,0.54141,0.36848,0.0086402,-0.43528,NOTB
0.58719,0.94808,0.86173,0.28947,0.87498,0.40265,0.93162,-0.54326,-0.27212,-0.096518,-0.48007,-0.33636,0.76239,-0.6045,0.60776,NOTB
0.76659,0.98709,0.84507,0.62773,0.88184,0.57244,0.83433,-0.54347,-0.53981,-0.40011,-0.59266,-0.64149,0.67404,-0.43551,0.12254,NOTB
0.60724,0.79084,0.83032,0.65443,0.8985,0.58359,0.96649,-0.60085,-0.73826,-0.28801,-0.44157,-0.44587,0.73551,-0.85999,-0.1339,NOTB
0.63725,0.73976,0.79797,0.7812,0.92871,0.77051,0.92012,-0.39881,-0.80984,-0.2266,-0.51601,-0.29991,0.51556,-0.66058,0.96633,NOTB
0.9483,0.91095,0.94366,0.747,0.8703,0.86262,0.84734,-0.82266,-0.70085,-0.16869,-0.26548,-0.57341,0.59929,-0.049341,0.61603,NOTB
0.57812,0.9815,0.76682,0.35918,0.97365,0.48083,0.87683,-0.55618,-0.60943,0.0061167,-0.42778,-0.50256,0.82336,-0.55315,-0.09418,NOTB
0.54257,0.94484,0.8728,0.22276,0.8408,0.38706,0.94647,-0.45692,-0.29548,-0.34532,-0.44225,-0.2049,0.6883,-0.30027,0.12864,NOTB
0.68118,0.83215,0.95115,0.71225,0.95087,0.45504,0.66144,-0.34648,-0.54743,0.0041537,-0.10004,-0.48416,0.69356,-0.51896,-0.2276,NOTB
0.60672,0.8601,0.83809,0.55602,0.88949,0.40241,0.83339,-0.30602,-0.34571,0.12814,-0.41116,-0.32167,0.8147,-0.69321,-0.052901,NOTB
0.59573,0.83166,0.82726,0.57786,0.96946,0.44489,0.95007,-0.37376,-0.43238,-0.15775,-0.43438,-0.3388,0.71276,-0.70502,0.23544,NOTB
0.52679,0.96814,0.88677,0.29942,0.97675,0.51741,0.88655,-0.33693,-0.55749,0.043693,-0.007949,-0.57201,0.74365,-0.54243,0.50162,NOTB
0.47945,0.83662,0.8732,0.38761,0.95264,0.34642,0.71659,-0.42202,-0.34472,-0.26817,-0.53196,-0.079797,0.080638,-0.45403,-0.037631,NOTB
0.55362,0.92379,0.85827,0.39232,0.923,0.34306,0.93659,-0.26979,-0.27574,-0.064199,-0.31169,-0.5359,0.66253,-0.70428,-0.20039,NOTB
0.82506,0.94527,0.96181,0.62189,0.86574,0.68681,0.8509,-0.61035,-0.57021,-0.56244,-0.25569,-0.52407,0.47416,-0.63181,0.79977,NOTB
0.6926,0.91544,0.85185,0.39801,0.83427,0.47322,0.95875,-0.4239,-0.38106,-0.66356,-0.62437,-0.24375,0.24584,-0.45075,-0.0017671,NOTB
0.61132,0.8866,0.92263,0.5276,0.81691,0.52094,0.57711,-0.28642,-0.39795,-0.4707,0.34091,-0.51254,0.76197,-0.6325,0.57018,NOTB
0.72395,0.91903,0.9734,0.65546,0.96733,0.63598,0.90956,-0.77466,-0.63114,-0.52402,-0.76123,-0.45294,0.82621,-0.50598,0.46929,NOTB
0.75677,0.75224,0.94768,0.95899,0.90373,0.61223,0.87312,-0.72621,-0.56101,-0.53527,-0.53923,-0.14143,0.74279,-0.34992,0.44788,NOTB
0.39195,0.90247,0.80261,-0.033145,0.98042,0.30255,0.89304,-0.37955,-0.38082,0.05512,-0.64922,0.040676,0.53441,-0.050434,0.11693,NOTB
0.64221,0.89141,0.84087,0.56857,0.9508,0.61221,0.99503,-0.62016,-0.71305,-0.55062,-0.797,-0.47741,0.80914,-0.65346,-0.14373,NOTB
0.24227,0.98894,0.7399,-0.13935,0.83328,-0.0029385,0.91499,0.19201,0.3595,0.21345,-0.23682,0.083552,0.62359,-0.049946,0.1438,NOTB
0.68094,0.84965,0.97758,0.68649,0.78365,0.49244,0.26678,-0.60419,-0.29644,0.005661,0.3862,-0.57328,0.8421,-0.58166,0.28655,NOTB
0.41692,0.97917,0.90988,0.08129,0.95653,0.27314,0.87746,-0.35201,-0.14434,-0.12989,-0.14587,-0.33971,0.56084,-0.21275,0.41213,NOTB
0.64887,0.73645,0.87806,0.80582,0.87229,0.46792,0.90537,-0.5371,-0.34735,0.04513,-0.26342,-0.31209,0.58071,-0.66628,0.69911,NOTB
0.34855,0.41922,0.76151,0.81208,0.68012,0.51151,0.84337,-0.64851,-0.84287,-0.0047496,-0.25183,-0.46914,0.57701,-0.67258,0.058995,NOTB
0.78968,0.79721,0.9929,0.939,0.84129,0.60679,0.97161,-0.55355,-0.48302,-0.21703,-0.39547,-0.62639,0.7656,-0.80084,0.31813,NOTB
0.97161,0.90247,0.93992,0.76714,0.67912,0.60662,0.70661,-0.53614,-0.36262,-0.32899,-0.30671,-0.55429,0.53698,-0.66074,0.27429,NOTB
0.40858,0.56709,0.96384,0.6616,0.95497,0.37936,0.82246,-0.4986,-0.47885,0.14542,-0.14503,-0.53411,0.68733,-0.51398,0.10632,NOTB
0.62897,0.94021,0.88837,0.33916,0.80593,0.3997,0.99132,-0.61505,-0.19142,0.0037331,-0.575,-0.47109,0.677,-0.59301,0.56141,NOTB
0.49618,0.83764,0.90765,0.41268,0.95861,0.31968,0.9656,-0.21216,-0.31553,-0.27104,-0.7419,-0.35496,0.58332,-0.65113,-0.1643,NOTB
0.57413,0.74737,0.997,0.66477,0.97643,0.46092,0.7156,-0.51698,-0.3969,-0.55073,-0.62851,-0.26467,0.80952,-0.56996,0.78826,NOTB
0.47088,0.84704,0.97334,0.36087,0.90824,0.29101,0.81143,-0.36003,-0.24582,-0.0057662,-0.38936,-0.54514,0.54999,-0.3236,-0.20123,NOTB
0.76926,0.81469,0.87247,0.37424,0.76339,0.43676,0.76772,-0.24972,-0.30236,-0.097078,-0.51868,-0.48026,0.67565,-0.56422,0.017581,NOTB
0.56925,0.94321,0.82354,0.25854,0.93339,0.39193,0.96753,-0.33087,-0.39123,0.057399,-0.30898,-0.2418,0.79638,-0.44263,-0.090895,NOTB
0.4945,0.93633,0.86199,0.28844,0.75959,0.29833,0.67404,-0.33975,-0.09916,-0.17854,-0.94165,-0.27042,0.50967,-0.25426,0.089445,NOTB
0.37126,0.78327,0.74921,0.28261,0.90208,0.34153,0.625,-0.45822,-0.50311,-0.42899,-0.36484,-0.41456,0.8137,-0.55299,0.14509,NOTB
0.53507,0.61306,0.85643,0.81338,0.89959,0.60688,0.82283,-0.46804,-0.78364,-0.50467,-0.040015,-0.70451,0.62599,-0.60641,0.39169,NOTB
0.66404,0.78431,0.91332,0.75619,0.83575,0.46701,0.87061,-0.57417,-0.30109,-0.061184,-0.33375,0.22522,0.76444,-0.39597,0.50561,NOTB
0.95484,0.86081,0.38634,0.68464,0.86491,1,0.87537,-0.38798,-0.88911,0.81405,-0.17017,0.0072318,0.34761,0.66609,-0.4139,NOTB
0.75995,0.95147,0.85557,0.66529,0.77514,0.38005,0.83647,-0.019838,-0.21043,-0.27844,-0.50762,-0.13483,0.74537,-0.2665,0.20612,NOTB
0.34392,0.72683,0.78021,0.31052,0.95044,0.27079,0.81232,-0.11892,-0.19814,-0.17483,-0.33253,-0.25206,0.58116,-0.57369,0.11484,NOTB
0.77811,0.5441,0.85491,0.034294,0.66377,0.43616,0.96764,-0.4535,-0.2071,0.47,0.57984,-0.5754,0.64667,0.21998,-0.51997,NOTB
0.53288,0.95455,0.81817,0.22004,0.93668,0.41496,0.95839,-0.35966,-0.42357,0.42615,0.86057,-0.78266,0.68758,-0.32485,-0.054963,NOTB
0.52531,0.97725,0.79891,0.28675,0.87541,0.35966,0.93742,-0.3594,-0.27532,-0.51925,-0.47983,-0.17732,0.58716,-0.51422,0.22971,NOTB
0.82715,0.65006,0.97531,0.23089,0.74582,0.60549,0.71774,-0.46645,-0.41206,-0.039697,0.60274,-0.096108,0.71052,-0.12584,0.77763,NOTB
0.46309,0.89308,0.75956,0.054949,0.82212,0.32186,0.66703,-0.29263,-0.0030148,0.19263,0.064646,-0.30986,0.80136,-0.21015,0.55531,NOTB
0.56141,0.64355,0.95659,0.80824,0.84602,0.3428,0.81859,-0.37621,-0.29018,-0.37357,-0.58814,-0.42627,0.47936,-0.79643,-0.38877,NOTB
0.54333,0.76756,0.75967,0.58433,0.90111,0.55603,0.89199,-0.51069,-0.71125,-0.31349,-0.47169,-0.32033,0.89112,-0.61169,0.012823,NOTB
0.6092,0.63782,0.72702,-0.045332,0.61079,0.25784,0.85158,-0.24946,0.10936,-0.18937,0.10628,-0.081462,0.69635,0.016594,0.23999,NOTB
0.61863,0.75455,0.80332,0.7274,0.68725,0.18489,0.40935,-0.12169,0.070245,-0.29106,-0.11126,-0.23475,0.46796,-0.55403,-0.61098,NOTB
0.68834,0.9468,0.95389,0.43082,0.82055,0.46456,0.88582,-0.53773,-0.42636,-0.51088,-0.54031,-0.40723,0.8041,-0.68674,-0.080904,NOTB
0.6646,0.97603,0.75257,0.43291,0.92524,0.51693,0.95561,-0.67156,-0.53017,-0.31072,0.12429,-0.62224,0.75132,-0.45103,0.25943,NOTB
0.52119,0.63309,0.99884,0.75483,0.96058,0.38281,0.91379,-0.4506,-0.44711,-0.40628,-0.34097,-0.45586,0.33123,-0.7828,-0.16412,NOTB
0.54846,0.90647,0.89644,0.40596,0.86882,0.38617,0.79376,-0.32795,-0.26561,-0.13795,0.21716,-0.56828,0.6806,-0.74661,0.55001,NOTB
0.51639,0.72122,0.87372,0.60774,0.97279,0.48759,0.69317,-0.40341,-0.46587,-0.037349,0.25907,-0.73367,0.70535,-0.6837,0.72115,NOTB
0.60357,0.98613,0.84111,0.35737,0.76611,0.303,0.87558,-0.15312,-0.083095,0.30662,-0.079327,-0.18658,0.46095,-0.4257,0.12841,NOTB
0.72858,0.74663,0.88745,0.9217,0.90122,0.56894,0.76783,-0.52648,-0.52617,-0.14713,-0.20373,-0.63506,0.67664,-0.71193,0.20401,NOTB
0.55629,0.75971,0.76898,0.61702,0.977,0.48124,0.8669,-0.50416,-0.50032,-0.24279,-0.75099,-0.36325,0.72168,-0.53022,0.6579,NOTB
0.99838,0.91036,0.981,0.81562,0.81664,0.77754,0.94845,-0.7081,-0.64101,-0.41809,-0.71427,-0.42207,0.5684,-0.77152,0.29017,NOTB
0.24965,0.70386,0.79754,0.18133,0.97931,0.20166,0.68606,-0.42596,-0.071077,0.13672,0.14446,-0.40433,0.75165,-0.87618,-0.12406,NOTB
0.57187,0.77823,0.87977,0.61548,0.95995,0.37818,0.76317,-0.5809,-0.41391,-0.16985,-0.3763,-0.56692,0.58592,-0.53985,-0.14828,NOTB
0.74562,0.92915,0.92526,0.48916,0.63819,0.35856,0.94532,-0.23821,-0.053512,0.017544,-0.27181,-0.36766,0.64183,-0.49615,-0.099005,NOTB
0.58548,0.97732,0.83764,0.37494,0.80249,0.34124,0.96759,-0.31589,-0.20258,-0.16434,-0.31271,-0.22712,0.68666,-0.36883,-0.13426,NOTB
0.38943,0.85896,0.73639,0.21898,0.91016,0.39466,0.56509,-0.5115,-0.52111,-0.41266,-0.32328,-0.22833,0.61769,-0.35367,-0.064274,NOTB
0.63415,0.78527,0.87391,0.16095,0.78585,0.32217,0.81645,-0.21072,-0.10401,-0.30901,-0.62315,-0.24124,0.70684,-0.27268,0.35853,NOTB
0.45315,0.71308,0.91818,0.5132,0.98003,0.39433,0.71304,-0.50998,-0.45646,-0.25499,-0.3009,-0.44504,0.60255,-0.31294,-0.059041,NOTB
0.62964,0.89484,0.95034,0.2859,0.84365,0.44816,0.94145,-0.34053,-0.41708,-0.059747,0.081004,-0.65475,0.26984,-0.4317,-0.15399,NOTB
0.48275,0.87423,0.75864,0.061421,0.97496,0.42261,0.49608,-0.48647,-0.46299,-0.2606,-0.59479,-0.2852,0.81666,-0.13839,0.43524,NOTB
0.444,0.70655,0.85285,0.50718,0.90509,0.42544,0.95028,-0.69753,-0.52021,-0.15106,-0.36949,-0.65681,0.76225,-0.77573,0.4165,NOTB
0.91297,0.86463,0.80783,0.63338,0.87849,0.73448,0.84625,-0.46519,-0.66307,0.14899,-0.045369,0.30245,0.41141,-0.92246,0.33354,NOTB
0.65039,0.90559,0.87906,0.32743,0.84913,0.45509,0.95797,-0.723,-0.27335,-0.27504,-0.45874,-0.13336,0.73831,-0.50505,0.60996,NOTB
0.70624,0.99145,0.97501,0.51184,0.76697,0.40124,0.82763,-0.30709,-0.29809,-0.47579,-0.26862,-0.59833,0.53474,-0.78501,-0.19255,NOTB
0.98071,0.75239,0.87025,0.56307,0.69495,0.6699,0.9587,-0.51847,-0.45576,-0.22737,0.17139,-0.78898,0.60872,-0.57999,-0.16151,NOTB
0.46455,0.67925,0.71138,0.58276,0.98447,0.39217,0.91708,-0.32957,-0.41792,-0.3864,-0.3636,-0.26493,0.59646,-0.79596,0.36322,NOTB
0.75378,0.71714,0.92079,0.99407,0.84209,0.8868,0.86695,-0.80781,-0.98083,0.77812,0.074271,-0.59096,0.39464,-0.43128,-0.39824,NOTB
0.50797,0.88309,0.70755,0.10554,0.81082,0.39605,0.97004,-0.29169,-0.15849,-0.67313,-0.51914,0.31976,0.60966,-0.30627,0.14815,NOTB
0.71669,0.90375,0.92759,0.66547,0.90396,0.57512,0.77839,-0.53538,-0.51115,-0.23799,-0.21624,-0.18048,0.64938,-0.45144,0.37799,NOTB
0.6509,0.91614,0.91732,0.54895,0.96692,0.5993,0.96356,-0.73485,-0.66227,-0.47961,-0.70248,-0.32888,0.67905,-0.37113,0.42067,NOTB
0.55422,0.67209,0.76647,0.7486,0.9621,0.40203,0.78205,-0.33614,-0.41763,-0.039277,-0.44249,-0.45084,0.77003,-0.80015,0.2573,NOTB
0.34016,0.90961,0.66959,-0.09759,0.94082,0.16877,0.78456,-0.20775,-0.11412,0.69364,-0.24482,-0.70089,0.46023,-0.73642,-0.42502,NOTB
0.40981,0.90618,0.72986,0.19551,0.90351,0.29679,0.99237,-0.30391,-0.23574,0.21752,-0.15944,-0.30519,0.65935,-0.31948,0.22316,NOTB
0.91918,0.77138,0.97657,0.51127,0.67011,0.51228,0.60315,-0.39994,-0.22236,-0.20501,-0.57351,-0.33736,0.49586,-0.74603,0.37049,NOTB
0.80573,0.77054,0.86,0.36411,0.77652,0.53998,0.81739,-0.53676,-0.40742,0.008991,0.8683,-0.64545,0.67941,-0.26731,-0.20087,NOTB
0.47873,0.63866,0.88043,0.67076,0.99626,0.51276,0.71095,-0.29542,-0.55049,-0.023292,-0.052209,-0.55377,0.61836,-0.71647,0.57117,NOTB
0.73734,0.67301,0.71071,0.15218,0.78456,0.54408,0.86026,-0.46775,-0.36383,-0.023328,0.19945,-0.62295,0.33596,-0.40244,-0.10897,NOTB
0.64816,0.93519,0.86599,0.36006,0.85879,0.44242,0.95603,-0.44924,-0.30107,-0.14486,-0.12902,-0.24375,0.80681,-0.33146,0.43329,NOTB
0.60736,0.93601,0.86152,0.45786,0.94716,0.4915,0.98087,-0.38018,-0.47121,-0.23904,-0.41364,-0.73992,0.6728,-0.42591,0.14334,NOTB
0.6196,0.92609,0.85842,0.30919,0.794,0.33335,0.87354,-0.28055,-0.23245,-0.38185,-0.51509,-0.43674,0.73983,-0.47728,-0.17062,NOTB
0.57244,0.87491,0.79401,0.48308,0.94023,0.42609,0.87207,-0.50964,-0.40001,-0.17521,-0.48578,-0.44714,0.69862,-0.77159,0.4095,NOTB
0.5092,0.96599,0.75862,0.19911,0.95067,0.40944,0.96074,-0.5056,-0.35551,0.073102,-0.55267,-0.093512,0.75489,-0.24931,0.75641,NOTB
0.6713,0.69472,0.98862,0.91215,0.77045,0.41191,0.79888,-0.25776,-0.13789,-0.43618,-0.27856,-0.39788,0.60648,-0.5638,0.44575,NOTB
0.62175,0.98888,0.77411,0.38682,0.98836,0.50647,0.97464,-0.42849,-0.49005,-0.24787,-0.41735,-0.43016,0.71177,-0.50584,0.67938,NOTB
0.73711,0.93945,0.97499,0.64747,0.85904,0.55114,0.83433,-0.65031,-0.48966,0.36625,-0.83429,-0.63465,0.39929,-0.25959,-0.059471,NOTB
0.58708,0.98084,0.88206,0.37309,0.85397,0.41138,0.99984,-0.51781,-0.41716,-0.30785,-0.17161,-0.48982,0.65824,-0.24605,-0.70287,NOTB
0.85018,0.89241,1,0.58593,0.84014,0.664,0.98066,-0.82467,-0.50774,0.15782,0.69599,-0.60768,0.77828,-0.62048,0.68103,NOTB
0.57058,0.86175,0.84979,0.49754,0.88492,0.41321,0.92535,-0.50735,-0.35456,-0.3775,-0.71008,0.060254,0.6718,-0.28069,0.48266,NOTB
0.50348,0.88146,0.83186,0.36834,0.88759,0.31565,0.96868,-0.24844,-0.11003,-0.177,-0.44568,-0.28557,0.63042,-0.51519,0.55867,NOTB
0.38551,0.90481,0.76716,0.16013,0.87095,0.22123,0.91337,-0.0055859,-0.08254,-0.43793,-0.50606,-0.071749,0.4395,-0.63783,0.38148,NOTB
0.71809,0.95651,0.86854,0.59649,0.83369,0.5282,0.39758,-0.4251,-0.39795,0.43874,-0.020305,0.15877,0.74606,-0.57164,0.40667,NOTB
-0.23789,0.14347,0.85653,0.0066229,0.77469,-0.26333,0.22182,-0.019812,0.41705,0.80202,0.36333,-0.52232,-0.25913,-0.25233,-1,NOTB
0.60676,0.7684,0.93645,0.68688,0.93217,0.57853,0.86988,-0.90311,-0.78995,-0.79512,-0.52101,-0.60387,0.30912,-0.54071,-0.64272,NOTB
0.57208,0.99769,0.78162,0.33148,0.88229,0.4162,0.88472,-0.50899,-0.39323,0.015195,0.14105,-0.27436,0.67318,-0.37244,-0.10857,NOTB
0.41692,0.62409,0.6998,0.58445,0.94899,0.32385,0.86962,-0.65689,-0.48627,-0.2124,-0.2478,-0.46784,0.59522,-0.59957,-0.75212,NOTB
-0.0038481,0.71216,0.71807,-0.25724,0.87066,-0.0073283,0.51553,-0.33238,0.10753,0.49223,-0.22644,-0.5573,0.36732,-0.5048,-0.013729,NOTB
0.63633,0.83354,0.79656,0.63934,1,0.4933,0.82967,-0.46,-0.5132,0.019998,-0.38693,-0.57237,0.87446,-0.83203,0.13711,NOTB
0.71011,0.81967,0.95669,0.77661,0.8894,0.5692,0.86324,-0.69199,-0.50324,-0.57716,-0.42127,-0.1029,0.74578,-0.62827,0.6129,NOTB
0.55153,0.67621,0.8772,0.73729,0.90951,0.39243,0.81002,-0.50202,-0.33928,-0.35601,-0.47134,-0.29701,0.69275,-0.56471,0.30805,NOTB
0.64201,0.88851,0.71777,0.29531,0.85338,0.44329,0.91808,-0.41529,-0.4527,-0.47891,-0.30585,-0.31343,0.64061,-0.51501,-0.13279,NOTB
0.60092,0.81359,0.77054,0.61149,0.9938,0.50542,0.9828,-0.59312,-0.61909,-0.43152,-0.53774,-0.37167,0.59098,-0.6275,-0.18283,NOTB
0.49069,0.81948,0.78853,0.42771,0.96901,0.46799,0.78952,-0.28663,-0.41708,-0.49135,-0.77394,-0.052063,0.86643,-0.56169,0.81343,NOTB
0.77705,0.83515,0.76187,0.4111,0.78798,0.57884,0.87249,-0.45052,-0.44446,-0.51203,-0.35273,-0.47546,0.58041,-0.46444,0.1015,NOTB
0.97737,0.89317,0.98278,0.93029,0.85345,0.82554,0.91191,-0.65874,-0.67558,-0.1574,0.065484,-0.69782,0.56303,-0.59411,0.77283,NOTB
0.73746,0.93062,0.76433,0.65999,0.81809,0.42273,0.72694,-0.45018,-0.37348,-0.31311,-0.29379,-0.030842,0.75458,-0.67307,0.1317,NOTB
0.7832,0.79223,0.92558,0.36338,0.65449,0.38696,0.96414,-0.23617,0.0069695,-0.28913,-0.25004,0.34555,0.677,-0.77012,0.34865,NOTB
0.76251,0.81648,0.7755,0.36768,0.85076,0.58851,0.99456,-0.57362,-0.49808,0.018736,0.504,-0.70602,0.69497,-0.39688,0.036521,NOTB
0.65437,0.62776,0.99362,1,0.99006,0.61137,0.96727,-0.51322,-0.66915,-0.41459,-0.28841,-0.57417,0.66178,-0.50749,0.38889,NOTB
-0.086181,0.97105,0.39417,-0.64629,0.90876,-0.25479,0.41881,0.26964,0.81854,0.82383,-0.97861,-0.59861,-0.19248,-0.75058,-0.46145,NOTB
0.74554,0.84925,0.83026,0.78825,0.85626,0.65863,0.67378,-0.36901,-0.57594,-0.16066,-0.24058,-0.54691,0.45625,-0.66528,0.4011,NOTB
0.48558,0.76811,0.85698,0.48904,0.97086,0.52245,0.70159,-0.3002,-0.62003,-0.030759,0.37336,-0.7344,0.61816,-0.75007,0.32577,NOTB
0.47783,0.84527,0.64177,0.023286,0.77054,0.22814,0.891,-0.015922,0.037703,-0.10426,0.19188,-0.57201,0.38542,-0.52526,-0.019552,NOTB
0.71694,0.75061,0.75982,0.22479,0.75902,0.34726,0.64947,-0.45058,-0.35847,-0.43327,-0.61101,-0.42958,0.27635,-0.041806,-0.81146,NOTB
0.71671,0.78348,0.83375,0.26576,0.90333,0.60345,0.74033,-0.60708,-0.57504,-0.12116,0.41862,-0.71811,0.82378,-0.0024769,0.20256,NOTB
0.47783,0.59476,0.90536,0.74149,0.91739,0.43873,0.78905,-0.60815,-0.58283,0.054595,0.0021359,-0.67831,0.79494,-0.71598,-0.16491,NOTB
0.70671,0.55467,0.97792,0.78843,0.83627,0.57253,0.74592,-0.44045,-0.43483,0.082041,0.18042,-0.62276,0.7144,-0.44826,0.69376,NOTB
0.11391,0.6736,0.8738,-0.014123,0.97611,-0.0025787,0.50058,-0.3398,0.13582,0.33197,-0.59977,-0.64318,0.22927,-0.59627,-0.31349,NOTB
0.18314,0.41885,0.637,0.4773,0.86996,-0.056072,0.76176,0.038005,0.37795,1,-0.66982,-0.60978,-0.15365,-0.41009,-0.70421,NOTB
0.58993,0.77862,0.99093,0.6443,0.89502,0.40073,0.94045,-0.46856,-0.34817,0.073523,-0.0089764,-0.55219,0.526,-0.50526,-0.043272,NOTB
0.92105,0.96477,0.98085,0.88526,0.82861,0.73594,0.73181,-0.56015,-0.53387,0.11681,0.53672,-0.79391,0.60394,-0.82636,0.52174,NOTB
0.35124,0.82695,0.79634,0.1969,0.73876,0.038681,0.76668,-0.18689,0.27369,0.41501,-0.90264,-0.26279,-0.097798,-0.23364,-0.56526,NOTB
0.9969,0.9175,0.97343,0.82396,0.75069,0.70682,0.88289,-0.69881,-0.49087,0.49503,-0.50395,-0.37811,0.46154,-0.71044,-0.37339,NOTB
0.56435,0.86603,0.83216,0.4822,0.92266,0.46658,0.81341,-0.48513,-0.43382,0.050809,-0.0035689,-0.605,0.68686,-0.62181,0.20281,NOTB
0.65375,0.8021,0.75567,0.7128,0.9561,0.62804,0.76767,-0.48667,-0.59433,-0.7615,-0.75329,-0.3305,0.62323,-0.63988,0.91846,NOTB
0.51393,0.83594,0.84804,0.44289,0.95338,0.41033,0.86277,-0.5306,-0.43491,-0.008991,-0.022116,-0.66148,0.58102,-0.49552,0.10002,NOTB
0.49729,0.77944,0.99994,0.49242,0.88859,0.39008,0.72627,-0.22443,-0.20989,-0.038085,-0.020819,-0.4408,0.62511,-0.20719,1,NOTB
0.69742,0.99563,0.80689,0.50431,0.81702,0.4779,0.90072,-0.4998,-0.36214,0.1499,0.36995,-0.61761,0.66687,-0.62909,0.10415,NOTB
0.60178,0.65942,0.93908,0.85212,0.93702,0.59827,0.86512,-0.63616,-0.7518,-0.5067,-0.44184,-0.58287,0.58166,-0.75419,-0.35452,NOTB
0.73479,0.97474,0.85341,0.5973,0.82893,0.4596,0.73939,-0.4258,-0.45757,-0.66851,-0.49416,-0.73284,0.62312,-0.8341,-0.23922,NOTB
0.68182,0.72222,0.819,0.88396,0.97159,0.63447,0.98714,-0.63266,-0.69627,-0.59942,-0.75039,-0.45506,0.74075,-0.62781,0.48619,NOTB
-0.06443,0.62083,0.79803,-0.268,0.96215,-0.10513,0.70995,0.43358,0.32367,0.71909,-0.34218,-0.64943,0.16674,-0.52354,-0.62475,NOTB
0.55633,0.97385,0.80146,0.27532,0.91179,0.35026,0.97658,-0.42014,-0.37716,-0.22712,-0.14067,-0.5619,0.55929,-0.42265,-0.43846,NOTB
0.60851,0.96756,0.87012,0.34258,0.85082,0.32922,0.80468,-0.4595,-0.35308,-0.37953,0.57424,-0.77027,0.60892,-0.67358,-0.6166,NOTB
0.46516,0.90798,0.73947,0.27756,0.80031,0.20866,0.88948,-0.3753,-0.17452,-0.43096,0.14268,-0.64188,0.34972,0.076785,-0.76989,NOTB
0.52035,0.96926,0.6774,0.21868,0.98922,0.34604,0.83161,-0.52471,-0.47737,-0.45094,0.63335,-0.72211,0.36486,-0.41505,-0.46374,NOTB
0.58782,0.90335,0.76299,0.23827,0.79882,0.28864,0.85001,-0.20602,-0.01793,0.25541,-0.29809,-0.15417,0.60371,-0.33732,0.42833,NOTB
0.57341,0.74888,0.73436,0.66132,0.94435,0.44748,0.97579,-0.37577,-0.36136,-0.056838,-0.29476,-0.14232,0.67521,-0.70902,0.35216,NOTB
0.61974,0.94823,0.92135,0.46103,0.87731,0.41762,0.83657,-0.34677,-0.372,-0.0047496,0.38944,-0.80516,0.80936,-0.74879,0.1628,NOTB
0.40029,0.98227,0.79382,0.098074,0.78118,0.14377,0.76621,0.11605,-0.038412,0.0048898,-0.19261,-0.41634,0.40662,-0.20601,-0.6042,NOTB
0.55471,0.83935,0.89569,0.50262,0.85707,0.36818,0.90841,-0.41197,-0.29891,-0.098375,-0.11169,-0.58438,0.54833,-0.77773,0.078434,NOTB
0.39443,0.82585,0.96962,0.2667,0.84709,0.17481,0.96801,-0.2456,-0.02208,-0.04145,-0.29668,-0.31224,0.58506,-0.37495,0.17733,NOTB
0.7252,0.88031,0.97999,0.7114,0.88789,0.53969,0.98557,-0.55595,-0.49403,0.14359,0.19756,-0.65408,0.66737,-0.74612,0.069553,NOTB
0.63914,0.47066,0.86518,0.74682,0.83898,0.77552,0.84301,-0.50797,-0.96329,-0.24248,-0.16217,-0.48937,0.44069,-0.3106,0.70337,NOTB
0.85651,0.82297,0.71835,0.5005,0.96108,0.99475,0.46748,-0.69207,-0.92178,0.35349,-0.71789,-0.73323,0.19511,1,-0.41045,NOTB
0.61314,0.86177,0.85895,0.22412,0.73384,0.26781,0.68219,-0.12025,-0.088067,0.092522,0.41989,-0.59286,0.80637,-0.4377,-0.39387,NOTB
0.63916,0.97968,0.91788,0.40085,0.82843,0.38857,0.76819,-0.33319,-0.3448,0.23242,1,-0.6552,0.6467,-0.43861,-0.45051,NOTB
0.66521,0.95836,0.97541,0.41228,0.7674,0.36832,0.80709,-0.50596,-0.21221,-0.0031723,0.69448,-0.51197,0.68096,-0.72402,-0.072,NOTB
0.54262,0.96457,0.82756,0.24514,0.78671,0.24253,0.97538,-0.38394,-0.23582,-0.53408,0.09171,-0.55262,0.63679,-0.30983,-0.56859,NOTB
0.39468,0.90881,0.92346,-0.022893,0.69465,0.048684,0.97287,0.11266,0.53618,0.44466,-0.60655,-0.57521,-0.47499,-0.24305,-0.43984,NOTB
0.60207,0.90137,0.87823,0.49406,0.80919,0.33942,0.8795,-0.30819,-0.24761,-0.37908,-0.2402,-0.6262,0.81738,-0.55496,-0.058067,NOTB
0.8448,0.78038,0.90091,0.42765,0.7758,0.5746,0.87432,-0.47814,-0.47137,-0.063147,0.11596,-0.76735,0.64919,-0.42291,-0.44523,NOTB
0.62417,0.99474,0.92109,0.39725,0.75603,0.31831,0.80573,-0.36052,-0.042397,-0.13883,-0.43995,0.0243,0.53649,-0.58666,0.36942,NOTB
0.64303,0.95314,0.88495,0.37448,0.83031,0.52192,0.80259,-0.32831,-0.47902,-0.43726,-0.26037,-0.52467,0.50377,-0.6242,0.24529,NOTB
0.65246,0.84639,0.83173,0.25866,0.80292,0.41114,0.95525,-0.402,-0.38283,-0.44519,-0.58008,-0.4577,0.71611,-0.29511,-0.3262,NOTB
0.3246,0.851,0.83873,0.12698,0.88331,0.15951,0.8554,-0.15904,0.0064148,-0.25113,-0.31766,-0.2531,0.49538,-0.55038,0.12495,NOTB
0.80321,0.87768,0.96504,0.50201,0.86282,0.64759,0.96952,-0.64676,-0.5329,-0.17851,-0.1689,-0.62278,0.62367,-0.76931,0.77437,NOTB
0.37516,0.69924,0.70825,0.40067,0.97854,0.31325,0.72234,-0.47386,-0.21587,-0.0018403,-0.14216,-0.68815,0.77684,-0.51136,0.44625,NOTB
0.5429,0.8104,0.72062,0.071007,0.83434,0.39893,0.74869,-0.27405,-0.16961,-0.029041,-0.12224,-0.0061372,0.72273,-0.11563,0.76864,NOTB
0.42043,0.81958,0.8401,0.31578,0.80147,0.23392,0.97898,-0.0033411,0.046722,-0.35601,-0.25204,0.0014991,0.67222,-0.51208,0.63252,NOTB
0.7579,0.79213,0.79159,0.3303,0.88266,0.58539,0.85398,-0.55303,-0.5153,-0.076432,-0.41778,-0.28559,0.80105,-0.57927,0.52235,NOTB
0.5781,0.90767,0.79521,0.44951,0.93514,0.48128,0.96727,-0.41959,-0.45323,-0.35973,-0.32588,-0.17777,0.75879,-0.59248,0.42704,NOTB
0.6794,0.70687,0.91625,0.90543,0.97738,0.66467,0.97072,-0.77529,-0.70531,0.10959,0.57019,-0.86604,0.66903,-0.62976,0.63126,NOTB
0.10253,0.66614,0.83045,-0.02507,0.92529,-0.058879,0.59933,-0.23505,0.28799,0.65908,-0.78789,-0.25171,-0.046235,-0.50777,-0.44192,NOTB
0.63497,0.88021,0.8374,0.27571,0.77405,0.34721,0.89189,-0.41596,-0.16075,-0.41147,-0.50795,-0.22523,0.53316,-0.34906,0.042208,NOTB
0.42291,0.88931,0.77711,0.23504,0.93874,0.3239,0.9896,-0.41221,-0.29385,-0.4734,-0.68564,-0.33502,0.65614,-0.47126,0.21738,NOTB
0.38168,0.87464,0.7709,-0.075665,0.64568,0.020618,0.77949,0.0444,0.55216,0.47102,-0.71743,-0.50265,0.25174,-0.25336,-0.26926,NOTB
0.5182,0.90065,0.8535,0.13914,0.93747,0.40174,0.71058,-0.49863,-0.32738,0.17423,0.29846,-0.56645,0.70518,-0.32636,0.1597,NOTB
0.4644,0.59643,0.88968,0.71443,0.9515,0.47313,0.92461,-0.52622,-0.48904,-0.22989,-0.24596,-0.41011,0.5808,-0.68472,0.44584,NOTB
0.69375,0.96858,0.80368,0.54486,0.8921,0.47294,0.84823,-0.43593,-0.526,-0.65294,-0.70278,-0.16832,0.54761,-0.6746,-0.45608,NOTB
0.66464,0.91124,0.84562,0.57619,0.95968,0.54572,0.96398,-0.58344,-0.53613,-0.050528,0.066106,-0.72837,0.83396,-0.43484,0.73903,NOTB
0.87964,0.80096,0.93412,0.50092,0.79445,0.66532,0.90433,-0.42019,-0.46521,-0.3402,-0.46858,-0.23382,0.72749,-0.81478,0.46716,NOTB
0.39585,0.77591,0.7405,0.33202,0.99914,0.28353,0.97757,-0.29005,-0.18355,-0.18969,-0.45006,-0.13593,0.50264,-0.55648,0.54301,NOTB
0.51623,0.82466,0.82504,0.46146,0.98961,0.40399,0.62484,-0.3748,-0.39647,0.39475,-0.049235,-0.15928,0.47261,-0.64481,0.45692,NOTB
0.58509,0.93115,0.78948,0.26682,0.82873,0.27523,0.75444,-0.2949,-0.17449,0.21465,-0.86057,-0.41034,0.37156,-0.34648,-0.32574,NOTB
0.64479,0.88256,0.77336,0.29195,0.81625,0.41664,0.77269,-0.49657,-0.25145,-0.49903,-0.34551,-0.50594,0.60717,-0.42126,0.80455,NOTB
0.58659,0.96324,0.77957,0.30626,0.8535,0.37576,0.92738,-0.28198,-0.1347,0.15947,-0.3232,-0.35786,0.63264,-0.58018,0.65194,NOTB
0.65365,0.98466,0.98988,0.42768,0.66982,0.31413,0.92325,-0.20973,0.0090034,0.20066,-0.64246,-0.31676,0.63147,-0.81189,-0.28021,NOTB
0.37418,0.86267,0.78222,0.19089,0.9026,0.19875,0.98792,-0.21151,0.040456,0.23746,-0.040231,-0.24574,0.72879,-0.6249,0.4564,NOTB
0.52869,0.6193,0.66283,0.7913,0.80425,0.6224,0.76621,-0.98624,-0.83478,-0.52062,-0.62307,-0.69224,0.67543,-0.59411,0.26548,NOTB
0.7433,0.96475,0.76463,0.53132,0.87392,0.56819,0.86585,-0.54052,-0.48645,-0.41883,-0.68188,-0.31237,0.5545,-0.86685,0.53823,NOTB
-0.29165,0.5717,0.70395,-0.63166,0.86525,-0.32359,-0.34269,1,1,0.7669,-0.50687,-0.77317,-0.29453,-0.25508,-0.72702,NOTB
0.64604,0.92434,0.81847,0.344,0.82187,0.38193,0.89774,-0.29438,-0.24722,-0.52465,-0.64733,-0.50157,0.83549,-0.60701,0.17993,NOTB
0.30759,0.69306,0.59712,-0.35171,0.68696,0.071904,0.15532,-0.058312,0.14751,0.45742,-0.82699,-0.69678,-0.044851,-0.42609,-0.79091,NOTB
0.69152,0.86934,0.96318,0.67493,0.84317,0.48843,1,-0.53207,-0.42897,-0.09459,0.39683,-0.65308,0.71921,-0.34111,-0.13145,NOTB
1,0.86826,0.96658,0.75649,0.62734,0.61276,0.97276,-0.53951,-0.27896,0.18092,0.38136,-0.74669,0.37183,-0.61339,-0.073676,NOTB
0.60707,0.76336,0.7855,0.10001,0.76633,0.37991,0.96262,-0.52784,-0.10976,0.14454,0.099957,-0.51924,0.62702,0.24357,0.068239,NOTB
0.39716,0.62903,0.87192,0.54172,0.92395,0.24186,0.87322,-0.47905,-0.2708,-0.26778,-0.27378,-0.14143,-0.56425,-0.38918,-0.53889,NOTB
0.8919,0.68188,0.9492,0.35262,0.70296,0.58551,0.84269,-0.44301,-0.34252,0.0078693,0.2538,-0.56381,0.79109,-0.18054,0.057251,NOTB
0.58366,0.98623,0.84725,0.36172,0.80104,0.35139,0.87406,-0.41278,-0.31892,-0.60282,-0.36481,-0.22359,0.35719,-0.63644,-0.28872,NOTB
0.72871,0.96824,0.79688,0.59682,0.85931,0.56337,0.94992,-0.35102,-0.49036,0.095045,0.33867,-0.77176,0.75807,-0.86048,-0.041732,NOTB
0.63069,0.60904,0.96472,0.99183,0.93,0.53813,0.87453,-0.57777,-0.52105,-0.34343,0.39921,-0.54237,0.43765,-0.8625,0.43934,NOTB
0.55594,0.86416,0.87295,0.47162,0.9938,0.45965,0.87369,-0.61531,-0.46466,-0.50355,-0.62448,-0.35776,0.59101,-0.61101,0.3598,NOTB
0.51867,0.80265,0.76228,0.49506,0.90677,0.36014,0.91876,-0.35269,-0.16702,-0.215,-0.46458,-0.052366,0.5762,-0.45991,0.7093,NOTB
0.58347,0.92099,0.77627,0.25279,0.72067,0.22269,0.9416,-0.30192,-0.031468,0.19919,0.23787,-0.82176,0.5728,-0.65588,-0.24498,NOTB
0.78488,0.82952,0.99613,0.88021,0.83729,0.58587,0.88556,-0.75973,-0.43618,-0.16915,0.0055426,-0.72716,0.77686,-0.36006,0.27132,NOTB
0.64045,0.99747,0.7911,0.43103,0.86031,0.42088,0.85372,-0.43434,-0.23401,-0.046462,-0.31266,-0.33032,0.47778,-0.43658,0.43882,NOTB
0.82244,0.84521,0.92639,0.48499,0.9456,0.74597,0.89894,-0.75623,-0.71597,-0.16936,0.019359,-0.65951,0.65447,-0.42019,0.81121,NOTB
0.57031,0.89653,0.63486,0.20628,0.9429,0.42513,0.97715,-0.40808,-0.3536,-0.050423,-0.27667,-0.23395,0.67379,-0.43691,0.51111,NOTB
0.44419,0.59223,0.66409,0.68482,0.91644,0.36343,0.87463,-0.58281,-0.52368,0.057644,-0.34172,-0.14543,0.66557,-0.74558,0.21636,NOTB
0.43763,0.80434,0.86422,0.36269,0.85476,0.22886,0.72747,-0.25979,0.033327,-0.64075,-0.79141,-0.18201,0.50322,-0.20633,0.46324,NOTB
0.6419,0.93992,0.88093,0.35697,0.82438,0.45211,0.8235,-0.48195,-0.33293,-0.66966,-0.70143,-0.32195,0.70579,-0.48549,0.35907,NOTB
0.55422,0.88958,0.81192,0.17619,0.90183,0.44967,0.63237,-0.44778,-0.39035,-0.25138,-0.64192,-0.24072,0.90678,-0.36016,0.64034,NOTB
0.69484,0.81487,0.98511,0.27638,0.6707,0.35491,0.96513,-0.25079,-0.040097,0.30536,-0.13164,-0.43912,0.75923,-0.36411,-0.014069,NOTB
0.52593,0.80779,0.78909,0.49968,0.96258,0.33611,0.94657,-0.3239,-0.25612,-0.01148,-0.30779,-0.45214,0.64916,-0.68956,0.098779,NOTB
0.48242,0.85051,0.63435,0.37454,0.75732,0.60991,0.83715,-0.85171,-0.86883,-0.066618,0.1092,-0.55383,0.61664,-0.407,0.20426,NOTB
0.64219,0.87817,0.90091,0.58639,0.85669,0.40649,0.88242,-0.33948,-0.35189,-0.41578,-0.39196,-0.56744,0.85575,-0.80398,0.02687,NOTB
0.47279,0.92878,0.80328,0.2647,0.75526,0.22699,0.87296,-0.079716,0.15517,0.026623,-0.24412,0.1708,0.76352,-0.5485,0.40026,NOTB
0.63957,0.88164,0.727,0.57765,0.8985,0.62291,0.98599,-0.56712,-0.74013,0.061044,0.47302,-0.63113,0.83753,-0.45926,0.24595,NOTB
0.44142,0.91801,0.98949,0.2299,0.74222,0.1047,0.87197,-0.28402,0.17765,0.20125,-0.032066,0.11691,0.76745,-0.33383,-0.070912,NOTB
0.66765,0.92568,0.9256,0.56162,0.86094,0.49244,0.92257,-0.59422,-0.37254,-0.03493,-0.23225,-0.20847,0.61274,-0.40051,0.41573,NOTB
0.48107,0.67468,0.99902,0.6182,0.74985,0.18609,0.96837,-0.079847,0.19113,-0.145,-0.36792,-0.20527,0.62397,-0.57297,0.45409,NOTB
-0.068345,0.78849,0.4774,-0.43539,0.97784,-0.093541,0.26542,-0.012033,0.19899,0.72505,-0.49838,-0.64863,0.038984,-0.5141,-0.699,NOTB
0.47857,0.49319,0.85108,0.92618,0.97274,0.37634,0.96461,-0.3808,-0.37414,-0.10072,-0.030822,-0.31051,0.69286,-0.67749,0.40986,NOTB
0.62411,0.8733,0.89162,0.5651,0.88232,0.40049,0.82601,-0.2995,-0.3174,-0.059607,-0.38788,-0.60285,0.70933,-0.48254,0.32916,NOTB
0.41953,0.74274,0.5677,-0.16194,0.86015,0.2189,0.93857,-0.11994,-0.068735,-0.2525,-0.15427,-0.25543,0.79699,-0.040108,-0.23403,NOTB
0.4823,0.66306,0.88127,0.63837,0.8981,0.44168,0.96299,-0.62389,-0.6565,-0.042922,-0.044125,-0.54631,0.5067,-0.65027,-0.34197,NOTB
0.079613,0.92032,0.32144,-0.3189,0.85551,0.055016,0.87693,-0.2801,-0.068057,-0.026307,-0.48524,-0.33842,-0.3756,-0.60801,-0.043612,NOTB
0.54503,0.98286,0.96643,0.26936,0.85159,0.30759,0.89126,-0.31265,-0.15781,-0.079727,-0.39918,-0.41409,0.82821,-0.56657,0.19262,NOTB
0.62191,0.98382,0.73301,0.38101,0.99337,0.5686,0.67592,-0.40978,-0.60959,-0.42864,-0.50227,-0.095264,0.77675,-0.31248,0.11593,NOTB
0.54538,0.99357,0.82756,0.29743,0.82128,0.21163,0.63959,-0.29965,-0.084389,-0.23172,-0.097442,-0.088623,0.77996,-0.33404,-0.19939,NOTB
0.38416,0.63525,0.97552,0.50921,0.83699,0.16227,0.78372,-0.19592,0.1357,-0.01162,-0.24966,0.055776,0.49467,-0.30371,0.62593,NOTB
0.40768,0.96208,0.94124,0.1304,0.72282,0.1383,0.88258,0.063298,0.24668,0.1349,-0.22427,0.22918,0.45105,-0.46365,0.22624,NOTB
0.77121,0.84637,0.76543,0.83282,0.85506,0.48783,0.53032,-0.47443,-0.40413,-0.23575,-0.51498,0.013549,0.5387,-0.77594,0.137,NOTB
0.54145,0.76667,0.81742,0.58254,0.99685,0.43223,0.85838,-0.51721,-0.38152,-0.027043,-0.44444,-0.37493,0.7392,-0.58201,0.67358,NOTB
0.50653,0.71883,0.93592,0.59473,0.97222,0.39171,0.98845,-0.51118,-0.42618,-0.085301,-0.34445,-0.65006,0.83078,-0.67704,-0.15039,NOTB
0.69437,0.97028,0.89914,0.54359,0.88773,0.53348,0.9071,-0.49946,-0.5251,-0.39054,-0.54239,-0.56346,0.73684,-0.31066,0.24869,NOTB
0.60605,0.82226,0.71664,0.60737,0.89275,0.58141,0.88378,-0.67793,-0.73489,-0.43558,-0.23211,-0.53659,0.72162,-0.73009,0.030948,NOTB
0.95108,0.75761,0.944,0.53277,0.62839,0.5047,0.72883,-0.34275,-0.26006,-0.52227,-0.60634,-0.47505,0.48664,-0.70516,0.043295,NOTB
0.33231,0.61299,0.72621,0.45051,0.85433,0.29283,0.87735,-0.63882,-0.50579,-0.38984,-0.63148,-0.21552,0.68586,-0.37365,-0.21806,NOTB
0.31843,0.70322,0.87217,0.29885,0.99986,0.26019,0.8957,-0.46266,-0.21234,-0.06497,-0.30036,-0.41,0.41684,-0.67293,0.10469,NOTB
0.4971,0.87205,0.73838,0.078568,0.90713,0.33505,0.92357,-0.40975,-0.32705,-0.2103,-0.43189,-0.28046,0.74407,-0.16028,-0.40357,NOTB
0.44345,0.62685,0.81413,0.62721,0.98277,0.29346,0.91071,-0.40247,-0.32549,-0.036893,-0.37863,-0.24256,0.4433,-0.78187,0.029271,NOTB
0.59994,0.64841,0.68902,0.8676,0.86846,0.62089,0.87056,-0.62998,-0.78763,-0.3652,-0.64743,-0.13412,0.44357,-0.76721,-0.21233,NOTB
0.21273,0.79716,0.75644,0.0098285,0.94043,0.065139,0.61015,-0.1996,0.078236,0.39261,-0.76205,-0.79854,0.33735,-0.3389,-0.48447,NOTB
0.27577,0.91905,0.75911,-0.021532,0.83326,0.05197,0.91363,0.27274,0.3374,0.3781,-0.84362,-0.53402,0.0082894,-0.28541,0.16215,NOTB
0.483,0.87946,0.82527,0.33925,0.94034,0.48006,0.92054,-0.55467,-0.50424,-0.78004,-0.77402,-0.71216,0.4162,-0.11795,0.79678,NOTB
0.66507,0.94702,0.78013,0.39822,0.86737,0.4786,0.85571,-0.53361,-0.41644,-0.27045,-0.42813,-0.4262,0.68904,-0.42791,0.3112,NOTB
0.66429,0.75898,0.86873,0.16799,0.81582,0.42503,0.80876,-0.45415,-0.34745,-0.20995,-0.34151,-0.57389,0.66092,-0.061575,-0.3532,NOTB
0.41661,0.90987,0.79759,0.20165,0.86405,0.26482,0.86941,-0.41547,-0.096592,-0.5339,-0.3991,-0.059202,0.75912,-0.35206,-0.063436,NOTB
0.58706,1,0.79641,0.35053,0.99755,0.54893,0.94254,-0.54324,-0.55807,0.045726,-0.34294,-0.49067,1,-0.59434,0.84485,NOTB
0.66663,0.98454,0.91546,0.48495,0.78372,0.38097,0.94495,-0.46266,-0.087101,0.084214,-0.27816,-0.30536,0.70169,-0.75545,0.82145,NOTB
0.44335,0.43144,0.92637,0.97916,0.95737,0.35739,0.90187,-0.42868,-0.42345,-0.53264,-0.58436,-0.057472,0.57684,-0.54699,0.35986,NOTB
0.53095,0.70104,0.8585,0.66296,0.9547,0.37739,0.88582,-0.38897,-0.2874,0.055155,-0.29179,-0.4948,0.82729,-0.49061,0.43127,NOTB
