-0.62064,0.76899,0.50713,-0.39108,0.82919,0.095969,0.32488,1,-1,0.60093,0.54333,-0.32878,0.33868,0.079665,0.31179,TB
0.81184,0.85981,0.85673,0.66796,0.81874,0.62548,1,-0.64213,-0.78712,0.16466,-0.078302,-1,0.85633,-0.48205,0.25244,TB
0.37784,0.59532,0.68193,0.77369,0.95722,0.47278,1,-0.25732,-0.75312,-0.077148,-0.20652,-1,0.77089,-0.4742,0.4546,TB
0.56657,0.79289,1,0.85302,0.9474,0.4663,0.98495,-0.60853,-0.93355,-0.39112,-1,-0.79428,0.64719,-0.77525,0.18065,TB
0.63957,0.72578,0.74582,0.36289,0.94445,0.59077,1,-0.40664,-0.94135,0.34007,-0.15093,-1,0.79391,-0.2893,0.21035,TB
0.76766,0.87233,0.83641,0.89899,1,0.74944,0.99129,-0.57089,-1,0.083343,-0.056104,-0.9945,0.8401,-0.64056,0.69611,TB
0.77576,0.86557,0.95752,0.54348,0.93608,0.68993,1,-0.30413,-0.8182,0.080961,-0.28939,-1,0.95436,-0.24441,0.46974,TB
0.62331,1,0.91347,0.64019,0.82364,0.42434,0.98654,-0.41287,-0.6212,0.30189,0.40982,-1,0.71889,-0.6298,0.086743,TB
0.27171,0.87681,0.7213,0.3899,0.89135,0.21208,1,-0.2844,-0.37456,-0.13487,-0.52799,-1,0.68627,-0.66513,0.44607,TB
0.61199,0.9372,0.84649,0.52974,0.92945,0.49972,1,-0.55775,-0.88487,-0.018521,-0.70529,-1,0.92081,-0.88615,0.62925,TB
0.59027,0.89962,0.80163,0.70345,0.9418,0.6913,1,-0.4318,-1,0.46472,0.38092,-0.95393,0.8682,-0.7903,-0.0010018,TB
0.76813,0.92353,0.95216,0.66292,0.8837,0.62337,1,-0.48835,-0.70673,0.064071,-0.12968,-1,0.65621,-0.65951,0.45746,TB
0.60273,0.85853,0.75343,0.74632,0.99961,0.65786,1,-0.39856,-0.89271,0.041868,-0.27994,-1,0.94313,-0.50864,0.40832,TB
0.33058,0.63392,0.88677,0.70857,0.94978,0.28226,1,-0.29544,-0.37189,0.066798,-0.27859,-1,0.77032,-0.33045,0.4498,TB
1,0.73001,0.83184,0.72749,0.56375,0.59269,0.94041,-0.48622,-0.72898,0.016715,0.50221,-1,0.56097,-0.91596,0.10621,TB
0.14693,0.58716,0.67491,0.4905,1,0.24746,0.94646,-0.12544,-0.64365,0.036794,0.094477,-1,0.66797,-0.72026,-0.16578,TB
0.60102,0.98965,0.96864,0.56173,0.73825,0.35517,1,-0.32132,-0.35544,0.0015185,-0.59401,-0.75435,0.56739,-1,0.29107,TB
0.51046,0.69018,0.82942,0.83314,0.92804,0.44161,1,-0.65133,-0.9043,0.029632,0.1787,-1,0.77993,-0.47309,0.51834,TB
0.62211,0.99656,0.84939,0.66091,0.95531,0.58302,1,-0.38037,-0.80233,0.19229,0.44189,-1,0.72667,-0.70273,0.092924,TB
0.80037,0.71737,0.99689,0.46942,0.79396,0.57157,0.91218,-0.28519,-0.59823,0.11121,-0.20192,-1,1,-0.19697,-0.005472,TB
0.50159,1,0.85805,0.49943,0.88031,0.40546,0.9539,-0.47281,-0.61978,0.41273,0.53773,-1,0.83685,-0.39163,0.45367,TB
0.55418,0.87199,0.91662,0.69967,0.97105,0.55065,1,-0.29682,-0.75649,-0.15921,-0.51431,-1,0.79065,-0.59158,0.33896,TB
0.64051,0.7838,0.93623,0.86026,0.97741,0.56634,0.97878,-0.53575,-1,0.16727,-0.53455,-0.91783,1,-0.73263,0.27543,TB
0.46664,0.5753,0.81436,0.87301,1,0.43283,0.98231,-0.39529,-0.76072,0.092809,-0.49383,-0.78952,0.90089,-1,0.29047,TB
0.37852,0.94895,0.76536,0.4326,0.88301,0.21501,1,-0.44125,-0.77083,0.024571,-0.65285,-1,0.6442,-0.93307,-0.76572,TB
0.86776,0.60632,1,0.75395,0.77142,0.93533,0.91978,-0.42574,-1,-0.10722,-0.60762,-0.89652,0.72423,-0.789,0.31217,TB
0.99112,0.90367,0.99361,1,0.79656,0.80909,0.94992,-0.35218,-0.66358,0.48744,-0.023294,-1,0.88841,-0.11123,0.5625,TB
0.84041,0.90279,0.99662,0.62759,0.91969,0.71732,1,-0.53394,-0.86315,0.0054534,0.034159,-1,0.7929,-0.51112,0.64288,TB
-0.16827,0.69597,0.66993,-0.49471,0.62888,-0.47094,1,0.057411,0.0010108,-0.20281,-1,-0.97776,0.79622,-0.55008,-0.16047,TB
0.39992,0.59934,0.72804,0.068979,0.7417,0.20791,1,-0.22319,-0.49401,-0.018438,-0.58911,-1,0.34859,0.014745,-0.34753,TB
0.90269,0.51526,0.81946,0.6363,0.66801,0.90239,1,-0.38581,-1,-0.13779,-0.56028,-0.95664,0.51341,-0.37329,-0.085212,TB
0.54501,1,0.79003,0.53058,0.8801,0.47938,0.928,-0.38043,-0.3768,0.45054,0.20054,-1,0.90896,-0.67979,0.22387,TB
0.93696,0.81242,1,0.72748,0.59387,0.5708,0.86352,-0.50569,-0.42212,0.031421,-0.020846,-1,0.71248,-0.80413,0.286,TB
0.93163,0.90194,1,0.76448,0.85801,0.76357,0.98968,-0.54152,-0.84628,0.18086,0.021818,-1,0.7974,-0.82896,0.71239,TB
0.86124,0.7959,0.99286,0.63289,0.86297,0.69712,1,-0.59063,-0.90406,0.26502,0.21105,-1,0.90659,-0.84032,0.4484,TB
0.52804,0.94413,0.88558,0.60051,0.89764,0.4758,1,-0.27993,-0.6875,0.045684,-0.19777,-1,0.77901,-0.51726,0.17258,TB
0.38567,0.84486,0.92718,0.55104,1,0.39474,0.96491,-0.193,-0.69426,0.10872,0.075164,-1,0.83414,-0.55825,0.10536,TB
0.28994,0.51134,0.65051,0.76274,0.95931,0.35962,1,-0.54576,-0.75046,-0.038368,-0.37175,-1,0.9031,-0.64243,0.51905,TB
-0.18065,0.80689,0.3327,-0.028806,0.75584,0.025949,1,-0.33465,-0.90763,0.097759,-0.30419,-1,0.4208,-0.05327,-0.40499,TB
0.90556,0.79312,1,0.8986,0.74021,0.79624,0.88922,-0.56431,-0.9112,-0.11631,0.02587,-1,0.5906,-0.375,0.23307,TB
0.60287,0.9235,0.79081,0.67563,0.89893,0.49068,1,-0.66504,-0.82439,0.022551,-0.10932,-1,0.7178,-0.56041,0.3872,TB
0.56523,0.58396,0.9715,0.98949,1,0.50196,0.948,-0.42978,-0.99459,0.021028,-0.42102,-1,0.66351,-0.61391,0.06255,TB
0.29025,0.45066,0.56541,0.82263,0.55778,0.65287,1,-0.36155,-1,0.5091,0.71122,-0.55759,0.82649,-0.10769,0.48539,TB
0.41879,0.64468,0.68855,0.73901,0.78076,0.35272,1,-0.1367,-0.55656,-0.011966,-0.38131,-1,0.48246,-0.7433,0.19846,TB
0.78513,0.9284,0.96306,0.88967,0.86664,0.68204,1,-0.5028,-1,-0.20148,-0.44109,-0.84407,0.84233,-0.82261,0.46471,TB
0.94899,0.95016,0.75931,1,0.84397,1,0.86978,-0.43958,-1,0.39836,0.065024,-0.91447,0.80698,-0.51586,-0.17745,TB
0.67485,0.95446,0.6633,0.63207,0.96562,0.64595,1,-0.65102,-1,0.042636,-0.62803,-0.79121,0.75899,-0.59707,0.53474,TB
0.90573,1,0.69097,0.76098,0.9023,0.54051,0.95653,-0.35439,-0.71789,-0.20223,-0.44213,-1,0.63616,-0.80735,-0.57247,TB
0.96637,0.78788,1,0.87104,0.59116,0.6505,0.92508,-0.53324,-0.53226,0.34546,0.15378,-1,0.79279,-0.65436,0.4372,TB
-0.56893,-0.37499,0.90329,0.61337,0.73814,-0.43115,1,0.17988,0.82568,0.4476,0.43508,-1,0.17505,0.086189,0.48077,TB
0.78066,0.77777,0.95886,1,0.8676,0.63614,0.97916,-0.44343,-0.83027,0.22113,0.21826,-1,0.61566,-0.63019,0.451,TB
0.73039,0.95183,0.90466,0.61629,1,0.76483,0.98071,-0.24289,-0.91455,0.067151,-0.39961,-1,0.66954,-0.8745,0.57896,TB
0.96289,0.98644,0.65578,1,0.94734,0.92946,0.92846,-0.43633,-1,0.24293,-0.21341,-0.66848,0.67806,-0.44576,-0.24624,TB
0.86808,0.68014,0.98453,0.56052,0.75213,0.61016,1,-0.52746,-0.77566,0.18702,0.68765,-1,0.99675,-0.71307,0.459,TB
0.81156,0.95101,0.83345,0.89902,0.76342,0.58424,1,-0.23769,-0.6629,0.15913,0.049909,-1,0.8334,-0.8607,0.47907,TB
0.85022,0.85814,0.8384,0.68118,0.98185,0.71217,1,-0.41883,-0.87721,0.45857,0.12272,-1,0.83954,-0.57396,-0.50899,TB
0.67204,0.82354,0.83886,0.85794,1,0.69633,0.94318,-0.37732,-1,0.34823,0.31607,-0.91519,0.80645,-0.75839,0.58802,TB
0.69634,0.88663,0.87079,0.56874,0.96462,0.62394,1,-0.40716,-0.73184,-0.0026869,-0.26589,-1,0.58468,-0.57427,-0.15663,TB
0.54615,0.80578,0.82709,0.73895,1,0.58521,0.86497,-0.38727,-0.9847,0.38078,0.29217,-1,0.84004,-0.96042,0.39653,TB
0.9186,0.57954,1,0.46317,0.62726,0.60761,0.92778,-0.47807,-0.60393,0.08009,-0.17978,-1,0.6966,-0.41668,0.22326,TB
0.41321,0.83666,0.91939,0.61577,1,0.43942,0.87696,-0.15681,-0.4044,0.096698,0.27859,-1,0.70789,-0.34179,0.54038,TB
0.421,0.88439,0.89582,0.57614,1,0.48907,0.93859,-0.012358,-0.59226,0.055543,-0.050974,-1,0.89939,-0.38749,0.5343,TB
0.61503,0.90225,0.90469,0.82792,1,0.50873,0.99571,-0.35544,-0.66605,0.25935,-0.086991,-1,0.69107,-0.36172,0.039274,TB
1,0.61542,0.99583,0.60724,0.74785,0.73976,0.99304,-0.61223,-0.78414,0.24383,0.67706,-1,0.79889,-0.66583,0.51825,TB
0.49886,1,0.58315,0.4669,0.9459,0.476,0.91386,-0.52944,-0.72444,0.09797,-0.016115,-1,0.73205,-0.30715,0.028318,TB
0.40305,0.49314,0.96818,0.89661,0.97538,0.38563,1,-0.39631,-0.60831,0.032173,0.10878,-1,0.68797,-0.51187,0.31678,TB
0.38902,0.68227,0.79602,0.077437,0.66516,0.13557,1,0.0082483,0.14383,0.5747,0.1968,-1,0.90417,0.038166,-0.34354,TB
0.54022,0.79506,1,0.76122,0.92627,0.42354,0.982,-0.18913,-0.38866,0.66093,0.87708,-1,0.83764,-0.597,0.3007,TB
0.91554,0.97453,0.81881,0.84773,0.79701,0.66684,1,-0.73485,-0.95888,0.18378,0.41218,-1,0.78628,-0.97369,0.39341,TB
0.7165,1,0.82855,0.72456,0.8788,0.60841,0.94146,-0.38168,-0.67581,0.17706,-0.027356,-1,0.7505,-0.60338,0.087391,TB
0.70485,0.89209,1,0.55914,0.78395,0.55353,0.90643,-0.31415,-0.63684,0.29337,0.5698,-1,0.79216,-0.42997,0.54011,TB
0.53327,0.5169,0.88983,1,0.99111,0.46749,0.96851,-0.56735,-0.77482,0.24396,0.19177,-1,0.71544,-0.36993,0.19677,TB
0.68875,0.84367,0.97593,0.91225,0.96873,0.59673,1,-0.48519,-0.7313,0.24027,0.1164,-1,0.79632,-0.41176,0.040844,TB
0.26188,0.88182,0.8283,0.37364,1,0.40146,0.821,0.091901,-0.5248,0.27601,-0.40517,-1,0.76874,-0.47287,0.38309,TB
0.57834,0.99577,1,0.66706,0.82141,0.50574,0.90028,-0.24216,-0.82178,-0.20583,-0.20743,-1,0.57375,-0.7281,0.47834,TB
0.68055,0.83983,0.87377,0.90964,0.98493,0.64237,1,-0.45362,-0.74472,0.17553,-0.29281,-1,0.87597,-0.71427,0.56039,TB
0.33176,0.83766,1,0.18628,0.71718,0.24948,0.51348,-0.63699,-1,-0.0081466,-0.53711,-0.88348,0.76837,-0.91816,0.13038,TB
0.64129,0.94446,0.7873,0.53155,0.99333,0.58059,1,-0.54019,-0.63298,0.5149,0.66944,-1,0.86504,-0.48287,0.49509,TB
1,0.26622,0.62688,0.29959,0.32932,0.43836,0.77272,-0.49854,-0.81848,-0.29716,-0.76678,-0.69387,0.91175,-1,-0.35889,TB
0.47878,0.26917,0.89563,0.81598,0.29619,0.89479,1,-0.43397,-0.85468,-0.14533,-0.8215,-0.33016,0.40292,-1,-0.047762,TB
0.61499,0.91816,1,0.52663,0.81315,0.50418,0.94689,-0.33925,-0.65513,-0.087459,-0.039173,-1,0.66763,-0.58751,0.7934,TB
0.53145,0.69129,0.95795,0.27956,0.7258,0.28902,1,-0.35144,-0.27661,0.3223,-0.17338,-1,0.40367,0.30924,-0.038354,TB
0.15252,0.9195,0.83419,0.29924,1,0.16885,0.97861,0.18941,-0.41449,0.027292,-0.61927,-1,0.66291,-0.74227,0.4243,TB
-0.96117,-0.85455,0.39661,0.34009,-0.40238,-0.43127,0.69007,-0.059401,-1,0.22961,-0.059777,1,-0.59752,0.34798,-0.17189,TB
0.82237,0.9131,1,0.94027,0.73166,0.49694,0.9619,-0.39077,-0.79481,0.21459,-0.49554,-1,0.73557,-0.844,-0.35604,TB
0.59213,0.99814,0.8252,0.56743,0.87797,0.44818,1,-0.52889,-0.82522,-0.029523,-0.55443,-1,0.76618,-0.64102,0.44251,TB
-0.88621,0.38662,0.64296,-0.63813,0.83447,-0.67357,0.33183,0.56661,1,0.15708,-0.30723,-1,-0.23085,0.51273,-0.055223,TB
0.81473,0.85859,1,0.60638,0.80794,0.60901,0.96148,-0.54513,-0.70744,0.25445,0.57592,-1,0.87121,-0.53993,0.8423,TB
0.56219,0.87925,0.99338,0.71322,0.96231,0.52527,1,-0.22822,-0.41304,0.37059,0.50074,-1,0.79808,-0.59108,0.74185,TB
0.64383,0.95669,1,0.728,0.96018,0.60675,0.95704,-0.44335,-0.81909,-0.0082498,-0.089521,-1,0.96986,-0.66359,0.21824,TB
0.09183,0.51948,0.36839,0.51696,0.86664,0.28557,1,-0.48596,-0.94026,-0.34223,-0.71512,-1,0.25997,-0.66477,-0.45328,TB
0.66231,0.92363,0.93882,0.54775,0.89391,0.50437,0.9982,-0.33946,-0.69966,0.12096,-0.5527,-1,1,-0.63441,0.23397,TB
0.7783,0.68835,0.83268,0.48785,0.67193,0.50072,1,-0.21129,-0.59792,0.10577,-0.19625,-1,0.74466,-0.75384,0.27748,TB
0.67738,0.8059,0.98627,0.9079,1,0.67677,0.99648,-0.48954,-1,0.0017867,-0.53107,-0.81879,0.76031,-0.42988,0.44442,TB
0.77087,0.96175,0.80227,0.71832,0.87392,0.6271,1,-0.59575,-0.79844,0.46692,0.51735,-1,0.80001,-0.69115,0.080517,TB
0.45659,0.58052,0.54041,0.096442,0.69512,0.29529,1,-0.62657,-1,-0.31679,-0.98975,-0.85567,0.44578,-0.97785,0.119,TB
0.76985,0.63612,0.65437,0.42826,0.87367,0.6062,1,-0.43075,-1,-0.029681,-0.59039,-0.82695,0.31376,-0.69553,-0.31838,TB
1,0.78305,0.99606,0.80011,0.7497,0.74268,0.94956,-0.44116,-0.8958,-0.064849,-0.36072,-1,0.78771,-0.5492,0.046269,TB
0.19879,0.62411,0.85756,0.51744,0.89979,0.15925,1,-0.26096,-0.076064,0.36974,0.2296,-1,0.79644,-0.59701,0.38408,TB
0.6074,0.77172,0.89718,0.83038,0.81667,0.52359,1,-0.15707,-0.54207,0.069459,-0.045376,-1,0.7686,-0.4284,0.19103,TB
0.66831,0.57563,0.99397,0.89029,0.89017,0.57504,0.99335,-0.32028,-0.64734,0.77097,1,-1,0.91857,-0.33453,0.23375,TB
0.59344,0.43531,1,0.83022,0.66392,0.94945,0.74406,-0.47345,-0.84782,0.27593,-0.11285,-1,0.87744,-0.55149,-0.38368,TB
0.073738,0.80439,0.45879,0.24401,0.85666,0.21941,1,-0.57001,-0.76096,0.41552,-0.0053922,-1,0.57231,-0.38458,0.044499,TB
0.57246,0.69305,1,0.87305,0.87782,0.54888,0.85114,-0.21015,-0.76666,0.13467,-0.19825,-1,0.76173,-0.46367,0.28799,TB
0.51514,0.93166,0.92583,0.44392,0.69456,0.27055,1,-0.24518,-0.27718,0.16101,-0.63438,-1,0.35619,-0.1361,-0.62453,TB
0.8598,1,0.94632,0.78152,0.90574,0.7968,0.9616,-0.31492,-1,-0.082676,0.13069,-0.87361,0.86751,-0.6994,0.81368,TB
0.8598,1,0.94632,0.78152,0.90574,0.7968,0.9616,-0.31492,-1,-0.082676,0.13069,-0.87361,0.86751,-0.6994,0.81368,TB
0.87891,0.70186,0.93824,0.58855,0.85316,0.72323,1,-0.51475,-0.79763,0.24736,0.21987,-1,0.6957,-0.62431,0.86627,TB
0.55465,0.89768,0.86328,0.46796,0.72259,0.38034,1,-0.19192,-0.45103,0.3066,0.17017,-1,0.74049,-0.49887,0.32609,TB
0.64953,0.85501,1,0.80219,0.91213,0.58594,0.95732,-0.59339,-0.87414,0.31802,-0.0038599,-1,0.85174,-0.60957,0.32987,TB
0.95945,0.84357,1,0.74403,0.90397,0.81941,0.97846,-0.58295,-1,0.011343,-0.026713,-0.94095,0.73691,-0.83987,0.3027,TB
0.76086,0.6766,1,0.90893,0.89071,0.59373,0.85877,-0.59269,-0.81278,0.28824,0.12712,-1,0.70194,-0.30211,-0.11016,TB
1,0.70236,0.86379,0.63753,0.61846,0.65619,0.98352,-0.31475,-0.84932,0.070959,0.14728,-1,0.30499,-0.5358,0.2492,TB
0.65162,0.98885,0.94643,0.5777,0.87373,0.52808,1,-0.29339,-0.65412,0.45087,-0.17848,-1,0.92866,-0.26144,0.17808,TB
0.88118,0.67439,0.89651,0.52496,0.80619,0.63445,1,-0.51597,-0.79814,0.17628,-0.091552,-1,0.78646,-0.1122,-0.41865,TB
-0.040674,0.051264,0.90909,0.89338,0.46168,0.39181,1,-0.51348,-1,0.20009,0.044992,-0.67074,0.42501,0.21724,-0.31107,TB
0.3942,0.76895,0.92513,0.61297,1,0.46479,0.91471,-0.28763,-0.69517,0.047373,-0.060162,-1,0.63891,-0.31592,0.45626,TB
1,0.52358,0.88482,0.52433,0.66453,0.67977,0.90961,-0.41451,-0.78774,-0.038256,-0.71112,-0.49077,0.79727,-1,0.26643,TB
0.73516,0.86038,0.86981,0.96054,0.99339,0.74448,1,-0.40672,-1,0.25176,-0.26671,-0.7177,0.94317,-0.71037,0.30876,TB
0.51377,0.47482,0.92853,0.98291,0.90511,0.51961,1,-0.438,-1,-0.19349,-0.46081,-0.39096,0.37575,-0.39457,-0.18921,TB
0.3214,0.98168,0.72882,0.27518,0.85055,0.19502,1,-0.72625,-0.95896,-0.093741,-0.87755,-0.84175,0.62116,-1,0.40057,TB
0.57366,0.68154,0.76341,0.91989,1,0.55037,0.94671,-0.56605,-0.98094,-0.14634,-0.54049,-1,0.90753,-0.66842,0.37454,TB
-0.14094,-0.18313,0.44917,1,-0.10334,0.86623,0.70747,-0.11009,-0.30903,0.15889,-0.34675,-0.37631,0.58311,-1,-0.31455,TB
0.85495,0.35858,0.83206,0.66538,0.54754,0.77183,1,-0.21466,-0.45953,0.11535,-0.29168,-1,0.74494,-0.20722,-0.30056,TB
0.7732,0.83356,1,0.60369,0.69773,0.49757,0.98579,-0.47428,-0.69889,-0.13313,-0.51784,-1,0.54817,-0.73332,0.42859,TB
0.57564,0.81201,0.72262,0.81964,1,0.53898,0.96857,-0.459,-1,0.15441,-0.3154,-0.9338,0.75787,-0.86844,0.12997,TB
0.30134,0.99763,0.77502,0.36564,1,0.37945,0.83029,-0.26455,-0.67524,0.24069,0.15336,-1,0.88665,-0.68665,0.61147,TB
0.19974,0.5982,0.93995,0.56079,0.99081,0.24795,1,-0.48318,-0.66529,0.063441,-0.11463,-1,0.50189,-0.05969,-0.46762,TB
0.87418,0.88766,1,0.65867,0.93037,0.79941,0.9661,-0.33051,-0.96537,0.13994,0.60214,-1,0.91936,-0.64061,0.74986,TB
0.3304,1,0.77023,0.32371,0.82683,0.26401,0.82262,-0.10207,-0.2827,-0.068455,-0.72018,-1,0.65604,-0.47178,0.15589,TB
0.89883,0.50956,1,0.41145,0.84631,0.72099,0.99119,-0.5886,-0.90612,-0.058244,-0.28811,-1,0.62615,-0.1703,0.27603,TB
0.6453,0.59316,1,0.95444,0.85692,0.54743,0.90655,-0.34557,-0.62617,0.28099,0.36262,-1,0.88149,-0.43954,0.67335,TB
0.60531,0.85427,1,0.83089,0.97743,0.59927,0.98526,-0.11175,-0.67047,0.32695,-0.10284,-1,0.7622,-0.78923,0.54552,TB
-0.18732,-0.15792,0.93412,1,0.03224,0.79791,0.8943,-0.70974,-1,-0.18994,-0.22713,-0.99503,0.4105,-0.4772,-0.10816,TB
0.74881,0.83224,0.86781,0.92429,0.91806,0.6649,1,-0.47226,-0.8489,0.2886,0.18812,-1,0.83962,-0.70486,0.177,TB
-0.068788,0.95761,0.59719,0.010498,1,0.48092,0.58751,0.044555,-1,0.048571,0.0070972,-0.67721,0.63465,0.50549,-0.25676,TB
0.85071,0.86213,0.85365,0.7196,0.78066,0.63603,0.89998,-0.4827,-0.69577,0.15143,0.14332,-1,1,-0.69863,0.49917,TB
0.70047,0.90458,0.93091,0.57375,0.80724,0.53869,1,-0.35914,-0.6831,0.15414,-0.25024,-1,0.85423,-0.60788,-0.01446,TB
0.37839,0.48094,1,0.92729,0.99972,0.30739,0.94396,-0.5968,-0.94533,-0.20382,-0.75396,-1,0.73024,-0.67431,-0.060793,TB
0.40239,0.75119,0.76983,0.63183,0.85744,0.62315,1,-0.21158,-1,0.010861,-0.34599,-0.89878,0.80284,-0.401,0.43642,TB
0.81093,0.95381,0.88288,0.67491,1,0.78399,0.75554,-0.57513,-0.84836,0.21539,-0.066797,-1,0.79562,-0.62565,-0.12182,TB
0.8472,0.88509,0.86388,0.73783,0.87766,0.81902,0.83631,-0.37034,-1,0.14203,0.20866,-0.84061,0.92513,-0.60655,1,TB
0.594,0.91207,0.99165,0.70234,1,0.56207,0.99239,-0.4855,-0.7605,0.10104,-0.27047,-1,0.68242,-0.38946,0.091724,TB
0.63104,0.94084,0.92482,0.70043,0.85795,0.54599,0.9615,-0.38207,-0.8469,0.013375,-0.16957,-1,1,-0.454,-0.14272,TB
0.50502,1,0.94966,0.47717,0.88355,0.34405,0.9867,-0.60714,-0.72935,0.21271,-0.2867,-1,0.93243,-0.68023,-0.038777,TB
0.98703,0.65547,0.70247,0.75487,0.41292,0.43986,1,-0.15273,-0.18219,-0.036996,-0.59942,0.074892,0.70709,-1,0.29147,TB
0.67981,0.97391,0.98655,0.72325,0.88022,0.50528,1,-0.33235,-0.70351,0.18008,-0.54334,-1,0.82874,-0.7013,0.15556,TB
0.66848,0.70976,0.87778,1,0.91832,0.50969,0.96434,-0.36858,-0.83312,0.15706,-0.23361,-1,0.8795,-0.97413,0.056205,TB
0.73743,0.88653,0.99951,0.85074,0.83997,0.60128,1,-0.44845,-0.74301,0.16343,-0.15869,-1,0.70749,-0.77696,0.50334,TB
0.53933,0.92156,0.58944,0.61096,1,0.52246,0.93636,-0.39956,-0.87795,-0.11855,-0.18014,-1,0.64111,-0.66852,-0.033563,TB
-0.048528,-0.41393,-0.082317,0.55197,-0.30244,1,0.59925,-0.58386,-1,-0.36095,-0.40921,-0.95704,0.76874,-0.75016,0.073624,TB
0.39475,0.63561,0.39967,0.11062,1,0.61985,0.74683,-0.13375,-0.87458,-0.046745,-0.51607,-1,0.58486,-0.055274,0.10255,TB
0.52514,0.95747,0.99494,0.48802,0.85148,0.37857,1,-0.44436,-0.47025,0.35329,-0.046351,-1,0.77334,-0.31219,-0.051315,TB
0.30718,0.3163,0.73341,1,0.71093,0.53804,0.98482,-0.39823,-1,0.26901,0.037299,-0.94826,0.71064,-0.37673,0.23864,TB
0.0094929,0.82645,0.4002,0.26878,0.94091,0.26835,1,-0.26066,-0.80377,0.10491,0.030158,-1,0.68888,-0.094772,-0.22969,TB
0.56757,0.68732,0.90426,0.94116,0.94338,0.71537,1,-0.4429,-1,0.42768,0.49302,-0.85774,0.73587,-0.29414,0.034622,TB
0.96454,0.65715,0.7149,0.68676,0.71123,0.76789,1,-0.52422,-0.9102,0.049222,-0.058791,-1,0.69536,-0.54748,-0.15259,TB
0.5731,0.82305,0.89998,0.37843,0.70658,0.31342,0.93233,-0.459,-0.69628,-0.4736,-0.8595,-1,1,-0.93649,0.025162,TB
0.4838,0.91511,0.6352,0.62494,0.69861,0.11394,1,-0.5946,-1,-0.074398,-0.71615,-0.89521,0.44929,-0.89226,-0.034079,TB
-0.05681,0.72878,0.50733,0.1437,0.8308,0.097937,1,-0.48188,-1,-0.47005,-0.91755,-0.91597,0.2817,-0.501,-0.095391,TB
0.80951,0.85687,0.91218,0.99018,0.69656,0.88572,1,-0.50175,-0.85948,0.29462,0.27672,-1,0.76121,-0.87073,0.19684,TB
0.77288,0.72213,1,0.4309,0.72598,0.48393,0.95312,-0.30519,-0.57373,0.16078,0.11626,-1,0.8459,-0.48198,0.22824,TB
0.4336,0.64145,0.96596,0.77268,1,0.40737,0.89129,-0.53696,-0.89424,0.04034,-0.54357,-0.58954,0.37517,-1,0.12885,TB
0.95133,0.80415,0.99988,0.75681,0.81884,0.76961,1,-0.56908,-0.87669,0.43855,0.83996,-1,0.84275,-0.71662,0.49432,TB
0.38973,0.59639,0.91264,0.78726,0.70007,0.62041,1,-0.43072,-1,0.41422,-0.28816,-0.59469,0.55872,-0.33535,-0.28028,TB
0.70953,0.78659,1,0.51644,0.83619,0.56466,0.94709,-0.54616,-0.80448,-0.073759,0.09273,-1,0.77481,-0.71294,0.53077,TB
0.39903,1,0.76901,0.40175,0.96171,0.34931,0.83716,-0.41687,-0.71402,0.24124,-0.31918,-1,0.6769,-0.56521,0.081815,TB
0.83261,0.5391,0.97033,0.38269,0.71964,0.52635,1,-0.39315,-0.53402,0.13241,0.12561,-1,0.90252,-0.2734,0.58627,TB
0.45514,1,0.92612,0.47013,0.84968,0.37236,0.96201,-0.21886,-0.64128,0.15251,-0.064862,-1,0.92525,-0.80982,0.0064477,TB
0.83939,0.75536,0.88984,0.56824,0.91994,0.71328,0.87735,-0.47883,-1,0.32416,-0.37053,-0.86168,1,-0.65033,0.31587,TB
0.73498,0.66599,0.84541,0.404,0.77291,0.49133,1,-0.2453,-0.6899,0.073206,-0.089839,-1,0.70167,-0.74106,0.07318,TB
0.47939,0.82156,0.90685,0.69584,0.9605,0.34463,1,-0.62468,-0.81173,-0.047047,-0.44246,-1,0.84085,-0.67689,0.020775,TB
0.50647,0.76729,1,0.72483,0.4946,0.93996,0.7718,-0.52526,-1,0.04643,-0.47856,-0.79965,0.64783,-0.60579,0.369,TB
0.89334,0.97098,1,0.83773,0.89309,0.77999,0.98233,-0.33343,-0.89097,0.49937,0.7117,-1,0.86478,-0.72609,0.14133,TB
0.62716,0.39352,0.90773,0.77589,0.5657,0.94794,1,-0.68434,-0.96054,-0.063368,0.26171,-1,0.8185,-0.5972,0.34607,TB
0.5343,0.6632,0.80662,0.8708,1,0.53798,0.99529,-0.55895,-1,0.10254,-0.62191,-0.84398,0.86435,-0.657,0.41304,TB
0.1052,0.72076,0.73851,0.35204,1,0.047229,0.96629,-0.21043,-0.35556,0.24525,-0.48981,-1,0.85345,-0.72979,0.14877,TB
0.5531,0.86916,1,0.77517,0.90081,0.52522,0.95075,-0.076762,-0.65533,-0.03488,-0.11102,-1,0.42957,-0.79919,0.50031,TB
0.58928,0.77601,0.85186,0.80297,0.99862,0.59016,1,-0.64832,-0.95868,-0.033826,-0.31018,-1,0.75475,-0.58851,0.24794,TB
0.51569,0.29924,0.97548,0.73537,0.58779,1,0.90065,-0.63475,-1,-0.13866,-0.44632,-0.84736,0.8179,-0.034214,0.66332,TB
0.85199,0.98359,1,0.77537,0.77113,0.49057,0.92625,-0.36888,-0.71534,0.31999,-0.43307,-0.90351,0.93278,-1,0.1409,TB
-0.2001,0.72048,0.59808,0.043514,1,-0.16843,0.86716,-0.54278,-0.46374,-0.19639,-0.52319,-1,0.70105,-0.77696,-0.36291,TB
0.77488,0.62163,0.95334,0.35437,0.86188,0.5884,1,-0.40829,-0.42326,0.56514,0.42449,-1,0.8535,-0.15893,0.35947,TB
0.58002,0.81703,0.93114,0.33291,1,0.45979,0.95452,-0.19975,-0.45558,0.27458,0.13457,-1,0.80423,-0.13765,-0.011875,TB
0.79082,0.77394,1,0.5654,0.73772,0.59994,0.93301,-0.52683,-0.64262,0.035714,-0.10486,-1,0.73352,-0.70596,-0.0041898,TB
0.94244,0.77098,0.88086,0.66093,0.91551,0.74099,1,-0.63157,-1,0.068008,-0.56022,-0.75131,0.80746,-0.806,-0.15802,TB
0.46713,0.74037,0.7854,0.71816,0.96798,0.51005,1,-0.50374,-1,0.14964,-0.47131,-0.96838,0.89382,-0.99133,0.37742,TB
0.30418,0.8831,0.52767,0.40622,0.81357,0.45207,1,-0.54807,-1,0.11688,-0.32332,-0.92765,0.62369,-0.66957,0.11936,TB
0.3892,0.8487,0.76149,0.25975,0.79796,0.26121,1,-0.49752,-0.77695,-0.32649,-1,-0.99141,0.60395,-0.65683,0.55378,TB
0.43692,0.68042,0.804,0.76018,0.98644,0.45644,1,-0.54203,-1,-0.12494,-0.60786,-0.87067,0.86644,-0.84882,0.66582,TB
0.48073,1,0.83248,0.50979,0.91313,0.41308,0.83495,-0.55381,-0.59561,0.25475,0.1145,-1,0.73067,-0.5828,-0.011719,TB
-0.057941,-0.055096,0.71834,1,0.6873,0.23832,0.86614,-0.62912,-0.95179,-0.014639,-0.049205,-1,0.35851,0.34006,0.53992,TB
0.5546,0.51805,0.78007,1,0.45162,0.85844,0.99244,-0.32908,-0.53647,0.45416,0.34418,-1,0.84353,-0.29435,-0.018351,TB
0.71246,0.53618,0.85721,0.28814,0.80139,0.55361,1,-0.56807,-0.89306,-0.018996,0.044506,-1,0.70761,-0.52688,0.28012,TB
0.35204,0.91164,0.65324,0.44858,0.9227,0.2743,1,-0.68031,-0.97,-0.19755,-1,-0.97592,0.91739,-0.78846,0.27967,TB
0.85786,0.57452,1,0.44983,0.71731,0.59506,0.95838,-0.43399,-0.68889,0.28088,0.25846,-1,0.89968,-0.39151,0.21945,TB
0.75089,0.89198,0.82712,0.61607,0.86441,0.57263,1,-0.56399,-0.75829,0.15154,-0.3372,-1,0.92168,-0.89225,0.39106,TB
0.65208,0.65536,0.92422,0.20816,0.829,0.42771,1,-0.3827,-0.52218,-0.028572,-0.04468,-1,0.79702,-0.085862,-0.041052,TB
0.88563,0.71687,0.76411,0.57942,0.85412,0.70812,1,-0.52399,-0.79363,0.052758,-0.3854,-1,0.55336,-0.44695,-0.26607,TB
0.79254,0.88497,1,0.91188,0.91244,0.6982,0.9883,-0.48247,-0.78735,0.18957,0.34361,-1,0.76237,-0.73259,0.72055,TB
0.81184,0.85981,0.85673,0.66796,0.81874,0.62548,1,-0.64213,-0.78712,0.16466,-0.078302,-1,0.85633,-0.48205,0.25244,TB
0.87364,0.82649,0.93147,0.69926,0.96336,0.80145,1,-0.56517,-0.9272,0.25368,0.35727,-1,0.84761,-0.49413,0.46881,TB
0.47181,0.75606,0.81204,0.69713,1,0.46297,0.92502,-0.59451,-0.67899,0.36408,0.20147,-1,0.88697,-0.82435,0.36631,TB
0.052199,0.11635,0.44198,0.95147,0.54223,0.37367,1,-0.67045,-1,0.13184,0.059039,-0.70233,0.64787,-0.54862,-0.053355,TB
0.42628,1,0.83978,0.36861,0.97549,0.46448,0.97791,-0.2333,-0.84026,0.10914,-0.0027808,-1,0.78337,-0.5604,0.015682,TB
0.0044026,0.88278,0.42113,0.11269,0.68889,0.2476,1,-0.64313,-0.99367,-0.020365,-0.63085,-1,0.40612,-0.18864,0.14541,TB
0.17324,0.9121,0.51399,0.096138,1,0.28299,0.84813,-0.20486,-0.87117,0.067286,-0.30126,-1,0.84224,-0.24801,-0.31608,TB
0.70902,0.46745,1,0.74385,0.7995,0.97587,0.96532,-0.49979,-1,0.086753,-0.47696,-0.41527,0.83148,-0.51637,0.40598,TB
0.21849,0.62602,0.86418,0.53991,1,0.24559,0.92714,-0.64001,-0.99798,0.1923,-0.6746,-1,0.60926,-0.6833,-0.51888,TB
0.26791,1,0.84668,0.2125,0.84162,0.10976,0.97051,-0.12149,-0.15749,0.0051561,-0.61369,-0.5769,0.7446,-1,-0.17538,TB
0.6386,0.54749,0.93533,0.19556,0.84046,0.49475,1,-0.27519,-0.70001,-0.04034,-0.43033,-1,0.80431,-0.34333,-0.28415,TB
0.54741,0.66588,1,0.89543,0.85541,0.45422,0.97628,-0.43259,-0.67295,0.06034,-0.10515,-1,0.82535,-0.97344,0.20399,TB
0.41118,0.84654,0.81784,0.24823,0.84701,0.27321,1,-0.49526,-0.49552,-0.099299,-0.26579,-1,0.7548,0.02376,0.19528,TB
0.82092,0.81963,1,0.62563,0.76338,0.63853,0.85015,-0.54166,-0.80587,0.079567,-0.092069,-1,0.70322,-0.73098,0.67946,TB
0.43674,0.94528,0.83312,0.48936,0.80747,0.26154,1,-0.49196,-0.65318,-0.039037,-0.32646,-1,0.75448,-0.93681,0.080519,TB
0.2389,0.87297,1,0.44812,0.75832,0.41134,0.25458,-0.25528,-0.42014,0.42052,-0.10513,-1,0.72766,-0.97293,-0.24869,TB
0.14247,0.4374,0.69664,0.79428,0.79184,0.54438,1,-0.2607,-1,0.067611,0.31219,-0.81254,0.63145,0.2131,0.7528,TB
0.58319,0.75424,0.75204,0.81506,0.96322,0.46756,1,-0.36545,-0.81724,-0.005743,-0.43875,-1,0.80055,-0.85004,0.42018,TB
0.34365,0.71628,0.49966,0.65224,0.76233,0.63289,1,-0.57389,-1,0.31674,0.25438,-0.74073,0.84152,-0.31304,0.40429,TB
0.88577,1,0.74372,0.83827,0.7447,0.61049,0.98563,-0.517,-0.93779,0.12565,0.10307,-1,0.54192,-0.54714,-0.10367,TB
0.80828,0.94352,1,0.63668,0.92941,0.69365,0.98717,-0.38533,-0.80137,0.020941,-0.00090935,-1,0.7696,-0.43012,0.69799,TB
0.59967,0.97321,0.58529,0.57114,0.91244,0.67212,1,-0.50666,-1,0.24236,-0.082395,-0.82561,0.91679,-0.54953,-0.083958,TB
0.68524,0.87166,0.84852,0.81044,0.92316,0.65276,1,-0.38887,-0.89501,0.055651,0.14686,-1,0.63175,-0.67319,0.53236,TB
1,0.94748,0.64691,0.89581,0.86631,0.56686,0.57951,0.10132,-0.48748,0.34569,-0.2019,-1,0.4709,-0.4727,-0.679,TB
0.38752,0.66822,0.7523,0.69593,1,0.39256,0.97996,-0.65966,-1,-0.036231,-0.39146,-0.94895,0.72429,-0.74272,0.19513,TB
0.48143,1,0.84733,0.45945,0.86449,0.4124,0.90503,-0.24087,-0.66625,0.13214,-0.31249,-1,0.87983,-0.71473,0.1684,TB
0.7862,1,0.83793,0.85632,0.93027,0.65482,0.95306,-0.52098,-0.852,0.089594,-0.28412,-1,0.65549,-0.71761,0.27179,TB
0.40793,0.4419,1,0.95902,0.8717,0.4471,0.80791,-0.33106,-0.65991,0.19483,-0.24193,-1,0.60972,-0.70507,0.26493,TB
0.4644,0.97371,0.98441,0.57042,0.83274,0.25363,1,-0.46141,-0.46491,0.074822,0.0038345,-1,0.76038,-0.52452,0.47863,TB
0.93834,0.92856,1,0.77035,0.82671,0.71868,0.98363,-0.59252,-0.9861,0.12893,0.29525,-0.99239,0.91282,-1,0.66138,TB
0.63191,0.92312,0.99654,0.55644,0.78922,0.47526,0.93329,-0.27733,-0.53299,0.3816,-0.19608,-1,1,-0.80046,0.30283,TB
1,0.81761,0.83754,0.79076,0.99201,0.97104,0.92055,-0.41871,-1,-0.0056495,-0.31647,-0.92494,0.52108,-0.60442,-0.50012,TB
0.72175,0.85198,0.89021,0.4619,0.91241,0.63724,1,-0.20314,-0.76516,0.066525,-0.15446,-1,0.68023,-0.25481,0.36157,TB
0.74042,0.77274,1,0.53502,0.78409,0.57018,0.90819,-0.58349,-0.80134,0.20537,-0.18319,-1,0.76519,-0.58052,0.43721,TB
0.44664,1,0.68203,0.45128,0.98813,0.64178,0.82945,0.00098559,-1,0.54163,0.55925,-0.73255,0.90562,-0.41752,0.36786,TB
0.86771,0.55388,0.86315,0.69705,0.47885,0.66641,1,-0.37038,-0.54134,-0.038819,-0.56386,-1,0.57193,-0.84796,0.36133,TB
0.7722,0.73163,0.96617,0.42655,0.7754,0.54478,1,-0.54544,-0.81047,-0.091753,-0.2265,-1,0.85119,-0.36252,0.49107,TB
0.37021,0.79242,0.89562,0.55672,1,0.4749,0.87285,-0.27522,-0.87492,0.23282,-0.075509,-1,0.7448,-0.3537,0.46749,TB
0.96177,0.75852,0.93937,0.63285,0.75108,0.60817,0.99465,-0.63914,-0.75753,0.18956,-0.14906,-1,1,-0.34346,-0.38813,TB
0.74336,0.66895,0.97718,0.43396,0.77351,0.50011,1,-0.4025,-0.50545,0.36256,0.15952,-1,0.78912,-0.49195,0.25734,TB
0.72367,0.92382,0.90041,0.58586,1,0.69354,0.94585,-0.33296,-0.81741,0.19969,-0.069905,-1,0.83189,-0.65339,0.16667,TB
0.06927,0.79171,0.7253,0.27304,1,0.10387,0.97956,-0.065549,-0.50091,0.24076,-0.045573,-1,0.77667,-0.12147,-0.54166,TB
0.81873,0.71954,1,0.52569,0.65984,0.47888,0.77371,-0.024547,-0.14323,0.047426,-0.22424,-1,0.34847,-0.77414,-0.29938,TB
0.74983,0.65986,1,0.41522,0.79599,0.56144,0.96256,-0.44087,-0.7096,0.20838,-0.28697,-1,0.73621,-0.44291,0.26526,TB
0.8864,0.8582,0.90491,0.70202,0.7614,0.61481,1,-0.48165,-0.72556,0.15267,0.68658,-1,0.60308,-0.73954,0.41711,TB
0.94232,0.90811,1,0.99037,0.71607,0.60937,0.97072,-0.62019,-1,-0.1667,-0.53679,-0.69528,0.80349,-0.85437,-0.10194,TB
0.61652,0.41507,0.88358,0.79179,1,0.5836,0.99531,-0.6164,-0.92102,0.054127,0.11993,-1,0.65482,-0.72891,0.34501,TB
0.38966,0.9633,0.79203,0.33289,1,0.48269,0.92616,-0.057565,-0.7514,0.2769,0.017419,-1,0.84078,-0.29447,0.079419,TB
-0.066087,0.26058,0.93825,0.56428,1,-0.095914,0.8882,-0.32672,-0.37151,-0.16103,-0.51672,-1,0.56027,-0.43521,-0.11166,TB
0.86258,1,0.96114,0.81672,0.90642,0.7821,0.96829,-0.4046,-0.84806,0.18051,-0.090372,-1,0.81642,-0.62613,0.43006,TB
0.60101,0.91758,0.90164,0.47109,0.72149,0.22949,1,-0.58999,-0.76363,-0.012407,-0.67207,-1,0.43737,-0.89562,-0.81924,TB
0.47482,0.7026,1,0.80544,0.95808,0.4117,0.94683,-0.66975,-1,-0.048426,-0.65336,-0.92497,0.83584,-0.85596,0.089316,TB
0.63164,1,0.76966,0.60661,0.92447,0.49217,0.97114,-0.64645,-0.96502,-0.015428,-0.7244,-1,0.8647,-0.65947,0.20984,TB
0.4891,1,0.84996,0.48182,0.94656,0.50165,0.96694,-0.26474,-0.77991,0.28595,0.33256,-1,0.96414,-0.5121,0.13241,TB
0.45863,0.21252,0.86583,0.70682,1,0.3299,0.83993,-0.34034,-0.7927,-0.014579,-0.58311,-0.71967,0.36223,-1,0.29937,TB
0.37097,0.86833,0.64693,0.50346,0.85203,0.57227,1,-0.40152,-1,-0.0738,-0.48667,-0.85437,0.65911,-0.075053,-0.23807,TB
0.25729,0.72508,0.7322,0.48429,1,0.34754,0.88732,-0.36222,-0.68617,0.11252,-0.45692,-1,0.9378,-0.56908,0.36422,TB
0.60576,0.56036,0.7657,0.95975,0.89029,0.47101,1,-0.67308,-1,0.12226,-0.26834,-0.40094,0.52021,-0.98437,-0.13813,TB
0.76763,0.69333,1,0.43113,0.88408,0.61297,0.95068,-0.45082,-0.67493,0.21362,0.026169,-1,0.67709,-0.41423,0.61559,TB
0.75253,0.54663,0.8778,0.77847,0.69095,0.96258,1,-0.50542,-1,0.3821,0.19851,-0.97085,0.83114,-0.58799,0.36452,TB
0.80148,0.66807,0.92004,0.46793,0.8904,0.66888,1,-0.51551,-0.82744,0.19316,-0.16337,-1,0.56401,-0.48196,0.36323,TB
0.75891,0.82045,0.91217,0.97578,0.85012,0.63095,1,-0.28993,-0.67027,0.28824,-0.22407,-1,0.81062,-0.52144,0.28702,TB
0.48935,0.82167,0.78643,0.28252,0.95931,0.50479,1,-0.054911,-0.772,0.18516,-0.42099,-1,0.62141,-0.35544,0.33375,TB
0.54004,0.55934,0.78463,1,0.98497,0.55663,0.97292,-0.40853,-1,-0.10001,-0.49351,-0.65065,0.44908,-0.92844,0.34056,TB
0.94728,0.50261,0.85367,0.56702,0.67543,0.73492,1,-0.68102,-1,-0.1957,-0.75558,-0.47263,0.79773,-0.86496,0.25381,TB
0.74346,0.92204,0.9248,0.6257,0.89787,0.63014,1,-0.53445,-0.86189,-0.16008,-0.25181,-1,0.81681,-0.65373,0.50354,TB
0.85701,0.23156,0.91377,0.39865,0.51065,0.74986,1,-0.28966,-0.66021,0.11517,-0.43307,-1,0.67041,-0.28093,0.075924,TB
0.9112,0.73786,1,0.61551,0.76753,0.72501,0.98116,-0.28625,-1,-0.089496,-0.23031,-0.98841,0.94029,-0.58636,0.47417,TB
0.67889,1,0.84119,0.61465,0.98619,0.66243,0.97533,-0.17951,-0.86782,0.26998,-0.12729,-1,0.79062,-0.52747,0.56253,TB
-1,-0.33279,0.61606,-0.54824,0.31472,-0.53666,0.1044,1,-0.8303,0.35639,0.54312,-0.51722,-0.29665,0.35581,-0.10206,TB
0.69775,0.92985,0.92838,0.78089,0.7839,0.45091,1,-0.30078,-0.4891,0.3843,0.63459,-0.94861,0.69255,-1,0.64061,TB
0.56867,0.80874,0.95986,0.38654,0.7137,0.29751,1,-0.54966,-0.74341,-0.12483,-1,-0.93616,0.71745,-0.93625,0.057584,TB
0.4243,-0.061283,0.39698,0.45218,-0.068547,0.50358,1,-0.58293,-0.50787,-0.524,-0.85604,-1,0.60066,-0.94889,-0.10572,TB
0.50604,0.78614,1,0.77108,0.99549,0.6555,0.99076,-0.24149,-0.91734,0.058656,-0.1943,-1,0.66752,-0.49077,0.28154,TB
0.48944,1,0.73268,0.51216,0.97921,0.55777,0.83896,-0.47772,-1,0.098423,0.16033,-0.95117,0.74082,-0.36589,0.43306,TB
-0.1037,0.83286,0.80034,0.069113,1,-0.016241,0.76775,-0.13551,-0.20789,0.33575,-0.5111,-1,0.35988,-0.50952,0.32439,TB
0.96877,0.94905,0.95218,0.99529,0.90848,0.93161,1,-0.60097,-1,0.27238,0.27182,-0.99349,0.77886,-0.82132,0.60743,TB
0.92775,0.64529,0.91413,0.55414,0.74223,0.66423,1,-0.61828,-0.88959,0.26718,0.020636,-1,0.86937,-0.82904,0.52781,TB
0.39971,1,0.95443,0.42802,0.8079,0.955,0.76253,-0.033214,-1,0.020425,-0.26475,-0.21862,0.3778,0.29929,-0.10199,TB
0.59893,0.78861,0.98047,0.82704,0.98585,0.57592,1,-0.50538,-0.73943,-0.15656,-0.033407,-1,0.74034,-0.70171,0.33995,TB
0.45451,0.20107,0.80905,0.69234,0.6651,0.77264,1,-0.4581,-1,0.0036638,-0.1984,-0.69355,0.45431,-0.52616,0.75724,TB
0.50539,0.82224,0.7322,0.31868,0.95169,0.39121,0.98343,-0.32245,-0.62544,0.091149,-0.20568,-1,1,-0.56519,-0.26274,TB
0.21503,0.17459,0.57156,0.93997,0.61651,0.50469,1,-0.53265,-1,0.038265,0.31651,-0.64648,0.81446,-0.31036,0.45923,TB
0.6688,0.92135,0.8833,0.59567,1,0.70457,0.939,-0.36607,-0.98563,0.3271,0.01167,-1,0.54029,-0.79899,0.24413,TB
0.87534,0.86951,0.87892,0.73674,0.78095,0.62455,1,-0.65826,-0.92835,-0.018694,-0.35302,-0.59628,0.92588,-1,-0.08004,TB
0.53787,0.69012,0.87846,0.92055,0.99865,0.55673,1,-0.20374,-0.68,0.11076,-0.0086528,-1,0.73669,-0.67099,0.83415,TB
1,0.52846,0.79973,0.48968,0.55175,0.53633,0.89481,-0.53469,-0.52881,0.19476,0.14604,-1,0.81777,-0.69281,0.33513,TB
0.72823,0.87672,0.77366,0.86717,0.94719,0.67031,1,-0.59251,-1,-0.025496,-0.40234,-0.80699,0.66915,-0.63127,0.20886,TB
0.77162,0.75769,0.83159,0.99404,0.83355,0.64298,1,-0.39064,-0.6551,-0.027518,0.083215,-1,0.8317,-0.5879,0.83214,TB
0.65478,0.44286,1,0.76393,0.71289,0.99071,0.98196,-0.56217,-1,-0.0089876,0.063999,-0.75246,0.54693,-0.76478,-0.24755,TB
0.99285,0.74495,1,0.76383,0.76796,0.78671,0.93685,-0.46838,-0.7129,0.24302,-0.15628,-0.9589,0.70584,-1,0.36258,TB
0.34136,0.59148,0.82099,0.72179,0.81338,0.20785,1,-0.92411,-1,0.037014,-0.85825,-0.98045,0.74448,-0.98241,0.13609,TB
0.72996,0.97273,0.88156,0.86275,1,0.54679,0.95855,-0.43378,-0.72859,0.29131,0.27843,-1,0.8811,-0.58089,0.10085,TB
0.5382,0.99787,1,0.58071,0.86153,0.4435,0.89521,-0.39679,-0.56797,0.014884,-0.062615,-1,0.7052,-0.6588,0.59157,TB
-0.51174,-0.048862,0.98648,0.19123,1,-0.47248,0.74614,0.10356,0.86118,-0.10062,-0.57428,-1,0.21177,0.20974,0.071332,TB
-0.11167,0.64459,0.72207,0.23166,1,-0.11309,0.98446,-0.081006,-0.12806,-0.092996,0.15804,-1,0.39551,0.23687,0.070643,TB
0.60879,0.70508,1,0.30309,0.60788,0.36891,0.87116,-0.16551,-0.67923,0.23292,0.070427,-1,0.96047,-0.85114,0.28496,TB
0.34618,0.86406,0.76341,0.46526,1,0.48469,0.9261,-0.12159,-0.73632,0.17864,-0.10388,-1,0.72967,-0.55586,0.69642,TB
0.67535,0.30704,0.72037,-0.0049504,0.378,0.098245,1,-0.38407,-0.31876,-0.311,-0.72408,-1,0.67701,-0.83964,-0.34405,TB
0.77536,0.95624,0.95197,0.67979,0.79294,0.6233,1,-0.45644,-0.85486,0.04376,-0.28698,-1,0.6592,-0.74127,0.57485,TB
0.89815,0.8445,0.74098,0.73715,0.97265,0.91181,1,-0.36532,-1,0.16557,0.0089636,-0.78845,0.83335,-0.099232,-0.075151,TB
-0.9901,-1,-0.90681,0.27564,-0.8021,-0.70084,0.74188,-0.29845,-0.89282,1,0.37613,-0.48336,0.2713,1,0.1448,TB
0.67541,0.7721,1,0.95766,0.94198,0.5735,0.93384,-0.47861,-0.72599,0.075876,0.41459,-1,0.73491,-0.83429,0.27626,TB
0.76884,0.97808,0.86132,0.79177,0.74331,0.51283,1,-0.54496,-0.60771,0.38896,0.06211,-1,0.70924,-0.9848,-0.068565,TB
0.62735,1,0.84017,0.61554,0.95182,0.62121,0.93016,-0.52381,-1,0.31398,0.0075921,-0.90494,0.92768,-0.72159,0.2277,TB
0.81586,0.942,0.96147,0.75299,0.80847,0.5986,1,-0.51706,-0.75383,0.12535,0.25569,-1,0.64047,-0.73417,0.3398,TB
0.81947,0.21777,0.74232,0.43575,0.70556,1,0.9815,-0.56041,-1,-0.054793,-0.087092,-0.92576,0.9357,0.010316,0.96049,TB
0.74699,1,0.93767,0.76819,0.75487,0.54558,0.92785,-0.54378,-0.71081,0.19134,0.44253,-1,0.74542,-0.85252,0.55971,TB
0.39074,0.66756,0.71809,0.69999,1,0.50445,0.84354,-0.1983,-0.85906,0.35017,0.098428,-1,0.55315,-0.36614,0.43424,TB
0.95959,0.61662,0.88464,0.66925,0.8049,0.83988,1,-0.65405,-1,-0.034137,-0.010754,-0.99155,0.62273,-0.49607,0.53931,TB
0.44051,0.51676,0.83106,0.94804,0.66018,0.79698,1,-0.3117,-1,-0.22281,-0.43797,-0.81665,0.25574,-0.61663,0.11496,TB
0.48933,0.96504,0.8758,0.43368,1,0.46739,0.93263,-0.36961,-0.46561,-0.053702,-0.35983,-1,0.74199,-0.37756,0.23414,TB
0.63939,1,0.92755,0.59811,0.84255,0.535,0.96564,-0.23053,-0.65119,0.12661,0.029568,-1,0.72825,-0.986,0.11325,TB
0.78399,0.77015,0.92344,0.49276,0.86721,0.63495,1,-0.34181,-0.79427,0.10549,-0.1133,-1,0.88616,-0.21733,0.77293,TB
0.81265,0.6735,0.87472,0.96506,1,0.74431,0.94855,-0.55204,-0.83201,0.17809,-0.33086,-1,0.6936,-0.31404,0.66233,TB
0.94694,0.98775,0.99976,0.96189,0.70473,0.65468,1,-0.49065,-0.75885,0.18635,0.27775,-1,0.69708,-0.80523,0.47893,TB
0.64503,0.22378,0.75372,0.51356,0.50221,0.88257,1,-0.42076,-0.6353,0.32729,0.036301,-1,0.62726,-0.43376,0.26745,TB
0.60823,0.79065,0.88977,0.88791,1,0.60903,0.96114,-0.44511,-0.81602,0.17607,0.12198,-1,0.81318,-0.54287,0.43189,TB
0.2516,1,0.77141,0.20651,0.99672,0.35338,0.87864,-0.040056,-0.72976,0.14784,-0.16353,-1,0.76844,-0.40013,-0.040056,TB
0.58198,1,0.89785,0.54441,0.73894,0.4681,0.95565,0.0013567,-0.28014,-0.029624,-0.26441,-1,0.3898,-0.66458,0.35086,TB
0.49484,0.78595,0.74243,0.22972,0.8906,0.31422,1,-0.18861,-0.25194,0.15064,-0.29135,-1,0.57973,-0.20053,0.093727,TB
0.80831,0.79769,1,0.59499,0.57853,0.45447,0.95517,-0.10357,-0.40746,-0.09801,0.14332,-1,0.35491,-0.81624,0.44188,TB
0.66151,0.76177,0.86255,0.44559,0.80374,0.51713,1,-0.34472,-0.65445,-0.013367,-0.23843,-1,0.86818,-0.26625,-0.081263,TB
0.98187,0.92261,1,0.88494,0.82224,0.80381,0.98606,-0.39925,-0.91566,0.092297,-0.13294,-1,0.7821,-0.84301,0.32579,TB
0.61581,1,0.95248,0.64847,0.85948,0.50949,0.9989,-0.40749,-0.63778,0.26611,-0.082727,-1,0.93476,-0.69457,0.61591,TB
0.59861,0.96033,0.8237,0.54016,0.67321,0.38299,1,-0.035637,-0.3713,0.48994,0.49173,-1,0.79416,-0.71576,-0.091971,TB
0.34391,0.36385,0.87043,1,0.54392,0.91631,0.91259,-0.61176,-1,0.11632,-0.21831,-0.93238,0.47086,-0.39101,0.63992,TB
1,0.89163,0.91258,0.81037,0.98359,0.92732,0.94317,-0.52163,-1,0.48565,0.43034,-0.89718,0.77524,-0.67523,0.51727,TB
0.90087,0.67001,0.98816,0.58192,0.83358,0.71683,1,-0.5679,-0.81275,0.11291,0.2929,-1,0.88985,-0.38939,0.47999,TB
0.47413,0.85556,0.84544,0.30881,0.75268,0.2169,1,-0.42377,-0.26628,0.27411,-0.18172,-1,0.62886,-0.69085,-0.26259,TB
0.67406,0.69954,0.98027,1,0.91263,0.54684,0.98202,-0.38677,-0.69959,0.090445,0.24782,-1,0.90527,-0.74437,0.60153,TB
0.48556,0.80459,1,0.68437,0.94289,0.40054,0.9136,-0.54135,-0.47627,0.4869,0.72833,-1,0.79686,-0.85115,0.43132,TB
0.41757,0.87816,0.70825,0.53382,0.98655,0.41579,1,-0.35641,-0.71479,0.0042046,-0.21096,-1,0.93256,-0.26807,-0.065896,TB
-0.48011,-0.72212,0.59008,0.53667,-0.22753,0.56605,1,-0.66461,-0.82599,-0.21875,-0.38124,-1,-0.024033,0.43571,0.47982,TB
0.71955,0.84708,0.95704,0.86559,0.76642,1,0.94889,-0.4967,-0.96561,0.43689,0.64922,-1,0.70784,-0.51355,0.43942,TB
0.9276,0.77982,1,0.68639,0.80158,0.75889,0.91344,-0.40529,-0.88987,-0.035872,0.1825,-1,0.79491,-0.63304,0.90084,TB
0.22843,0.61724,0.7152,0.52324,0.94224,0.11919,1,-0.6184,-0.99278,-0.048997,-0.64981,-1,0.55626,-0.99333,0.1926,NOTB
0.34202,0.86508,0.57711,0.41347,0.94674,0.26218,1,-0.52057,-1,0.40461,-0.11269,-0.55836,0.67954,-0.77114,-0.44587,NOTB
0.34477,0.68209,0.79195,0.61304,0.98421,0.28689,1,-0.23643,-0.75046,0.33363,-0.21439,-0.35695,0.65904,-1,-0.26328,NOTB
0.5684,0.98516,0.8656,0.45559,0.87088,0.39799,1,-0.70524,-0.90402,-0.14497,-0.67493,-0.84986,0.57319,-1,0.30038,NOTB
0.23578,0.58883,0.69198,-0.15612,0.78912,0.01171,1,-0.50812,-0.97406,-0.24255,-0.69602,-0.86712,0.52196,-1,-0.011205,NOTB
0.52569,1,0.79985,0.47997,0.95577,0.4964,0.98954,-0.63634,-1,-0.050097,-0.63549,-0.78307,0.60297,-0.64651,0.28537,NOTB
0.16872,1,0.52267,0.14408,0.78782,-0.0039205,0.99455,-0.22243,-0.55952,-0.13069,-0.7996,-0.92331,0.57251,-1,0.033434,NOTB
0.13319,0.35128,0.89227,0.76446,0.82731,0.34141,1,-0.27768,-1,0.64685,0.015637,-0.19747,0.84827,-0.73853,-0.24545,NOTB
0.274,0.52687,0.62321,-0.12416,0.83099,0.1446,1,-0.19287,-0.85172,-0.22094,-0.60521,-0.89095,0.14953,-0.64277,-1,NOTB
0.092881,0.37904,0.70996,0.63602,0.95918,0.1922,1,-0.35208,-1,-0.23287,-0.84657,-0.61184,0.222,-0.42229,-0.030118,NOTB
0.17618,1,0.94601,0.14812,0.54276,-0.15574,0.96567,-0.52769,-0.32106,-0.34692,-0.74589,-0.80858,0.56108,-1,-0.69634,NOTB
0.64552,0.87492,0.83935,0.73457,0.83423,0.43614,1,-0.25904,-0.7594,0.38883,-0.0094159,-1,0.68219,-0.75542,-0.40203,NOTB
0.52178,0.83094,0.759,0.66753,0.98843,0.45558,1,-0.76603,-1,-0.04581,-0.65212,-0.91749,0.76011,-0.95618,0.79192,NOTB
0.57795,0.94269,1,0.48098,0.73154,0.28204,0.94387,-0.51345,-0.89209,-0.16507,-0.17421,-1,0.46753,-0.49693,-0.89186,NOTB
0.28325,0.6058,0.92483,0.58471,1,0.18673,0.90437,-0.72096,-1,0.23913,-0.0011542,-0.79576,0.63665,-0.82819,-0.5175,NOTB
0.11371,0.60043,0.62629,0.40184,1,0.085345,0.94617,-0.75966,-0.96938,-0.32063,-0.83486,-0.8886,0.56554,-1,-0.21935,NOTB
0.37958,0.56857,0.74102,0.7364,0.90069,0.35464,1,-0.5565,-1,0.15086,-0.35806,-0.69118,0.45108,-0.67258,-0.68933,NOTB
0.78571,0.83331,0.85915,0.50923,0.64595,0.40697,1,-0.31954,-0.55181,0.10937,-0.3445,-0.42434,0.67151,-1,0.2669,NOTB
0.43429,0.90976,0.82936,0.55193,0.94741,0.22872,1,-0.72966,-1,-0.021017,-0.68022,-0.71797,0.56087,-0.93811,0.38972,NOTB
0.4524,0.73706,0.68474,0.71733,1,0.2762,0.99177,-0.41402,-0.69686,0.12595,-0.35162,-0.3198,0.7286,-1,-0.019416,NOTB
0.60627,0.67603,1,0.88444,0.80691,0.49574,0.91007,-0.65725,-0.92736,-0.012048,0.11233,-1,0.78946,-0.93107,-0.21103,NOTB
0.39364,0.79312,0.68334,0.55052,0.96566,0.31707,1,-0.713,-0.85749,0.1291,-0.35798,-0.95838,0.78453,-1,0.033845,NOTB
-0.044514,0.52428,0.77263,0.31407,0.97886,0.0055943,1,-0.76511,-1,-0.198,-0.86018,-0.75444,0.50249,-0.96571,0.7473,NOTB
0.41106,1,0.83791,0.28774,0.88252,0.16841,0.9989,-0.6021,-1,0.057625,-0.64858,-0.96376,0.93272,-0.95012,0.29195,NOTB
0.64003,0.93036,0.78448,0.666,1,0.64265,0.98541,-0.62857,-1,0.088633,-0.35983,-0.50638,0.84149,-0.57898,0.43956,NOTB
0.58913,0.73463,0.76772,0.80196,1,0.5886,0.96968,-0.69096,-1,0.0037872,-0.39304,-0.45089,0.8274,-0.71681,-0.35449,NOTB
0.15032,1,0.72357,0.13366,0.71145,-0.14797,0.9378,-0.3869,-0.41366,-0.14406,-1,-0.72053,0.67363,-0.59265,-0.20093,NOTB
0.5651,0.7517,0.80499,0.77714,0.9728,0.45285,1,-0.22945,-0.58273,0.31785,-0.30325,-0.30335,0.71831,-1,0.61061,NOTB
0.4361,1,0.92241,0.40739,0.70948,0.16567,0.92025,-0.39935,-0.56985,-0.13499,-0.41218,-1,0.5304,-0.83579,-0.95624,NOTB
0.3658,0.78209,0.73838,0.52537,0.94775,0.33675,1,-0.47601,-0.57895,0.27499,-0.14487,-1,0.77971,-0.69843,-0.067495,NOTB
0.83704,0.71384,1,0.44055,0.74262,0.53499,0.95386,-0.70907,-1,-0.25674,-0.8972,-0.42364,0.56397,-0.53765,0.57562,NOTB
-0.39592,0.62254,0.35067,-0.17099,0.79977,-0.40408,0.85721,-0.68515,-1,-0.80769,-0.99374,1,0.087413,-0.90652,-0.28992,NOTB
0.5475,1,0.75768,0.55503,0.86385,0.30268,0.94406,-0.38644,-0.60211,0.25324,-0.24965,-0.75738,0.8263,-1,0.058585,NOTB
0.56214,0.88925,0.92581,0.40024,1,0.62731,0.98966,-0.42822,-1,0.40896,-0.37855,-0.794,0.32988,-0.70369,-0.68318,NOTB
0.33674,0.4891,0.97991,0.80685,0.71249,0.14726,1,-0.36821,-0.14674,-0.18913,-0.42044,-0.31441,0.21498,-1,0.095612,NOTB
0.65369,0.90456,0.95762,0.78298,0.99731,0.56126,1,-0.53425,-1,0.13043,-0.22237,-0.83844,0.93805,-0.57339,0.67517,NOTB
0.63206,1,0.81287,0.5534,0.83023,0.42123,0.95751,-0.54034,-0.74579,0.028418,-0.4054,-0.81324,0.83533,-1,0.67444,NOTB
0.34434,0.68087,0.8567,0.5977,0.98207,0.33008,1,-0.61563,-1,0.20586,-0.085707,-0.97323,0.85593,-0.99441,0.1707,NOTB
0.55226,0.86352,0.67141,0.66177,1,0.50958,0.9985,-0.65124,-1,0.062366,-0.40299,-0.91337,0.82408,-0.70296,-0.25614,NOTB
0.20655,0.79718,0.87661,0.35604,0.8663,0.019373,1,-0.25623,-0.51052,0.17483,-0.5636,-0.85593,0.53112,-1,-0.52375,NOTB
0.37691,0.82413,0.68182,0.49775,0.98674,0.42466,1,-0.57549,-1,-0.11663,0.11344,-0.97734,0.64446,-0.66282,0.39791,NOTB
0.43755,0.56808,0.8523,0.81682,1,0.36529,0.92304,-0.49503,-0.80867,0.46175,-0.0079119,-1,0.66423,-0.50636,0.069288,NOTB
0.6845,0.64635,0.93999,0.28604,0.70192,0.39873,1,0.10416,-0.38343,0.18375,-0.11237,-0.42229,0.68796,-0.33003,-1,NOTB
0.3538,0.97234,0.73077,0.35226,0.91847,0.21322,1,-0.5087,-1,0.27937,-0.56153,-0.82749,0.72383,-0.89505,-0.20048,NOTB
0.32431,0.94748,0.97397,0.37115,0.94937,0.22607,1,-0.59687,-0.6798,0.012039,-0.65842,-0.66874,0.49401,-1,-0.75275,NOTB
0.49193,0.81548,1,0.639,0.96477,0.3524,0.91631,-0.53953,-0.94585,0.046036,-0.46301,-0.7541,0.63206,-1,-0.16825,NOTB
0.54488,0.44241,0.99799,0.95205,0.87478,0.63742,1,-0.52535,-1,0.20024,-0.17663,-0.42268,0.68554,-0.68778,0.35861,NOTB
0.43851,0.92711,0.70079,0.47016,1,0.40083,0.91312,-0.57516,-0.96624,-0.1894,-0.62418,-1,0.50697,-0.89141,0.030977,NOTB
0.62077,1,0.98957,0.63124,0.70379,0.2752,0.91083,-0.78579,-0.93167,-0.078518,-0.59879,-0.73692,0.77192,-1,-0.3836,NOTB
0.17733,0.87785,0.77425,0.24287,0.86066,0.016786,1,-0.63123,-1,-0.21602,-0.97204,-0.96887,0.57502,-0.76308,-0.59589,NOTB
0.57212,0.86853,0.8745,0.69563,0.95561,0.55156,1,-0.45234,-1,0.20921,-0.028715,-0.41915,0.74317,-0.99679,0.57798,NOTB
0.17825,0.97987,0.69817,0.22947,1,0.19584,0.923,-0.33699,-1,-0.44687,-0.98082,-0.59774,0.52571,-0.54394,-0.29585,NOTB
0.53046,0.66931,0.87656,0.80986,0.91236,0.53444,1,-0.26972,-1,0.28245,-0.51505,-0.76319,0.47168,-0.69306,-0.10506,NOTB
0.89888,0.85051,1,0.61606,0.73242,0.71177,0.84666,-0.5555,-1,0.11461,-0.59894,-0.2498,0.92963,-0.62816,0.64646,NOTB
0.44637,0.87098,0.68638,0.26115,1,0.42765,0.89241,-0.49378,-1,-0.11406,-0.57242,-0.37333,0.59256,-0.54011,-0.4065,NOTB
0.60337,0.65801,0.71862,0.23482,0.70629,0.32288,1,-0.41711,-0.73206,-0.060475,-0.53569,-1,0.46868,-0.72636,-0.37539,NOTB
0.45123,0.91512,0.95812,0.58255,0.872,0.13195,1,-0.31791,-0.36746,0.5068,-0.36656,-1,0.46557,-0.48432,-0.47169,NOTB
0.61673,0.91161,1,0.6785,0.86809,0.43894,0.94943,-0.50655,-0.80298,0.026318,-0.48301,-0.83799,0.52065,-1,-0.89607,NOTB
0.63475,0.99556,0.72359,0.55405,0.84822,0.45025,1,-0.56473,-1,-0.26118,-0.66431,-0.66853,0.50423,-0.7711,-0.68268,NOTB
0.41121,0.78498,0.81585,0.58899,1,0.31019,0.87831,-0.57083,-1,0.24079,-0.21925,-0.83838,0.69697,-0.92339,0.12631,NOTB
0.36793,0.83475,0.72079,0.46741,1,0.33814,0.98316,-0.86958,-1,-0.011591,-0.76281,-0.70427,0.53725,-0.97045,0.93913,NOTB
0.13028,0.95764,0.55608,0.15331,1,0.21047,0.92187,-0.41805,-0.61485,0.1795,-0.5006,-1,0.42783,-0.92055,0.66022,NOTB
0.68158,0.91943,0.9265,0.49829,0.92694,0.5026,1,-0.73023,-1,-0.13765,-0.77968,-0.64292,0.77783,-0.81917,0.54483,NOTB
0.5258,0.79526,0.7199,0.2275,0.7795,0.18194,1,-0.97578,-1,-0.16425,-0.98494,-0.86412,0.17175,-0.92457,0.11758,NOTB
0.45181,0.81099,0.83617,0.58387,0.95197,0.53275,1,-0.47723,-1,-0.014625,-0.64708,-0.67315,0.54712,-0.62619,0.70627,NOTB
-0.23367,0.83193,0.78353,-0.079783,0.97607,-0.24702,1,-0.16862,-0.50852,0.0001448,-0.23066,-1,0.3587,-0.93263,-0.64793,NOTB
0.62262,0.83866,0.89548,0.73292,1,0.5934,0.93461,-0.63396,-1,-0.12146,-0.41966,-0.67423,0.61488,-0.66495,0.56271,NOTB
0.5855,0.89239,0.82907,0.38945,0.735,0.26908,1,-0.41634,-0.7583,-0.33293,-0.60598,-1,0.70802,-0.93566,-0.4688,NOTB
0.51614,0.61884,0.75321,0.85219,0.82703,0.65901,1,-0.31033,-1,0.32324,-0.21482,-0.0033577,0.60177,-0.28994,-0.33233,NOTB
0.31259,1,0.63888,0.2756,0.92107,0.23658,0.75842,-0.74623,-0.93937,-0.25097,-0.69153,-0.84587,0.68644,-1,0.24335,NOTB
0.25488,0.89814,1,0.082221,0.61474,-0.096203,0.85266,-0.58112,-0.7112,-0.087018,-1,-0.86163,0.082481,-0.85188,-0.86226,NOTB
0.50049,0.7629,1,0.68228,0.93385,0.3851,0.90188,-0.26448,-0.757,0.1343,-0.39504,-0.80606,0.60579,-1,-0.034648,NOTB
0.58684,0.80262,0.82898,0.75709,0.76278,0.42921,1,-0.33035,-0.6237,0.03061,-0.3473,-0.24133,0.52962,-1,0.14991,NOTB
0.40583,0.89772,0.97022,0.56539,0.94789,0.28206,1,-0.342,-0.46303,0.17853,0.042767,-0.96326,0.91838,-1,-0.19563,NOTB
0.92125,0.88864,0.77016,0.74648,0.73229,1,0.8186,0.031758,-1,0.68209,0.26212,0.57361,0.53813,0.10375,-0.35078,NOTB
0.44362,0.96345,0.8477,0.34436,0.87547,0.30278,1,-0.70851,-0.79119,0.11424,-0.57902,-0.78685,0.78496,-1,0.52704,NOTB
0.71422,1,0.82437,0.68964,0.87811,0.54308,0.9326,-0.55485,-0.97533,-0.044826,-0.54885,-1,0.7038,-0.62369,-0.012585,NOTB
0.55897,0.77106,0.82639,0.7431,0.90849,0.60181,1,-0.44548,-1,0.14008,-0.25465,-0.57664,0.78766,-0.88951,-0.17679,NOTB
0.62572,0.73973,0.81628,0.86724,0.9616,0.81339,0.99903,-0.20319,-1,0.22626,-0.26048,-0.35328,0.63014,-0.61443,1,NOTB
1,0.95408,0.99723,0.85439,0.92009,0.92014,0.99008,-0.67701,-1,0.23211,-0.10336,-0.74939,0.7021,-0.061331,0.64056,NOTB
0.49193,1,0.74195,0.47612,0.99336,0.46442,0.96257,-0.51644,-1,0.29109,-0.34052,-0.77057,0.85859,-0.7014,-0.22398,NOTB
0.31368,0.94584,0.84135,0.20442,0.8063,0.20922,1,-0.76649,-1,-0.20435,-0.68676,-0.76268,0.66993,-0.76942,-0.20696,NOTB
0.63416,0.83437,0.99691,0.79919,1,0.43822,0.88227,-0.351,-1,0.2826,-0.053026,-0.81638,0.75662,-0.72624,-0.42209,NOTB
0.54044,0.89453,0.87417,0.66978,0.95133,0.37585,1,-0.34592,-0.79033,0.37697,-0.40791,-0.66369,0.89922,-1,-0.24361,NOTB
0.48134,0.7983,0.80325,0.64055,0.98911,0.38675,1,-0.42837,-0.90085,0.11343,-0.44004,-0.68428,0.73953,-1,0.09358,NOTB
0.41018,0.98569,0.88594,0.40794,1,0.48945,0.96943,-0.34228,-1,0.29786,0.030487,-0.91589,0.77977,-0.7461,0.43917,NOTB
0.2646,0.81324,0.87898,0.42687,1,0.20605,0.89492,-0.65353,-1,-0.075911,-0.7224,-0.50947,0.017581,-0.90727,-0.37958,NOTB
0.4294,0.92998,0.84983,0.476,0.93928,0.27363,1,-0.31642,-0.68972,0.19109,-0.31273,-0.93675,0.69528,-1,-0.43679,NOTB
0.8192,0.97594,1,0.71284,0.88894,0.69802,0.97141,-0.60513,-1,-0.14644,-0.19651,-0.83978,0.53879,-0.83201,0.81103,NOTB
0.57237,0.89897,0.81531,0.4245,0.80339,0.36266,1,-0.61846,-1,-0.40496,-0.78488,-0.70706,0.20347,-0.85406,-0.30736,NOTB
0.53908,0.94163,1,0.63936,0.86569,0.50868,0.86563,-0.37191,-0.93556,-0.1518,0.37632,-0.9918,0.85028,-1,0.53869,NOTB
0.68724,0.93024,1,0.74026,0.99488,0.64348,0.98754,-0.70804,-1,-0.080801,-0.63516,-0.68693,0.87113,-0.62521,0.43236,NOTB
0.71839,0.71086,0.97082,1,0.92239,0.60312,0.9713,-0.736,-1,-0.13746,-0.48936,-0.37771,0.78729,-0.51916,0.38323,NOTB
0.13203,0.88196,0.748,-0.0037379,1,0.14964,0.9644,-0.5671,-1,0.21351,-0.81265,-0.3107,0.51899,-0.33538,-0.14888,NOTB
0.58322,0.87446,0.8237,0.65972,0.9501,0.6141,1,-0.48817,-1,-0.059959,-0.59368,-0.63765,0.83669,-0.70484,-0.20994,NOTB
-0.61131,1,0.48614,-0.64294,0.69816,-0.8259,0.95204,-0.34562,-0.35544,0.03117,-1,-0.85041,0.42225,-0.97341,-0.64812,NOTB
0.595,0.8236,1,0.73998,0.76261,0.43886,0.63791,-0.68557,-0.73155,0.23774,0.39581,-1,0.87006,-0.86827,0.15057,NOTB
0.09964,1,0.89522,0.036005,0.97048,0.038566,0.95656,-0.66727,-0.7955,-0.024906,-0.35809,-1,0.51252,-0.67867,0.1815,NOTB
0.56133,0.68185,0.88862,0.86794,0.89028,0.41659,1,-0.63468,-0.82645,0.27167,-0.28645,-0.68522,0.61798,-1,0.67148,NOTB
0.33616,0.41242,0.81201,0.92577,0.74321,0.59939,1,-0.38765,-1,0.40794,0.0011533,-0.49737,0.71659,-0.58968,0.11106,NOTB
0.74248,0.75073,1,0.95629,0.82677,0.58339,0.99453,-0.53534,-0.86402,0.10794,-0.33028,-0.94168,0.78892,-1,0.22787,NOTB
1,0.90361,0.95961,0.82076,0.63703,0.57385,0.88002,-0.63107,-0.84327,-0.036813,-0.33245,-1,0.56449,-0.98743,0.13014,NOTB
0.22731,0.44431,1,0.72971,0.99149,0.31196,0.95146,-0.5854,-1,0.35443,-0.15684,-0.96959,0.72667,-0.804,-0.074216,NOTB
0.47512,0.91907,0.85215,0.36524,0.75395,0.27236,1,-0.80623,-0.69266,0.17293,-0.70024,-0.98563,0.66327,-1,0.43821,NOTB
0.31991,0.79239,0.89598,0.46647,0.96673,0.21226,1,-0.3018,-0.80215,-0.012384,-0.81327,-0.76234,0.59062,-1,-0.44261,NOTB
0.39186,0.63912,1,0.67741,0.97344,0.34175,0.84379,-0.70882,-1,-0.29981,-0.77116,-0.71896,0.80129,-0.98547,0.72866,NOTB
0.3,0.82183,1,0.43323,0.92001,0.19322,0.93272,-0.44936,-0.69268,0.21781,-0.42893,-1,0.57216,-0.58632,-0.47549,NOTB
0.78707,0.85493,0.95258,0.49209,0.8122,0.40494,1,-0.35768,-0.84268,0.16057,-0.61687,-1,0.77257,-0.9634,-0.21655,NOTB
0.39224,0.93553,0.77269,0.28771,0.93082,0.26294,1,-0.50124,-1,0.21698,-0.42455,-0.69251,0.79922,-0.83034,-0.41671,NOTB
0.37298,1,0.90308,0.40582,0.7817,0.23922,0.90934,-0.40352,-0.46687,0.11196,-1,-0.61897,0.57507,-0.47928,-0.079295,NOTB
0.23467,0.817,0.78513,0.43647,1,0.32816,0.91726,-0.49739,-1,-0.05873,-0.34092,-0.77409,0.9301,-0.81427,0.029358,NOTB
0.53761,0.62655,0.92039,0.93331,0.97493,0.68839,1,-0.26697,-1,0.052234,0.15915,-0.80756,0.75731,-0.57448,0.4376,NOTB
0.5428,0.73387,0.94821,0.81639,0.84291,0.35113,1,-0.90062,-1,0.086416,-0.53984,-0.095683,0.80163,-0.89122,0.36418,NOTB
0.95209,0.8516,0.37622,0.77319,0.87022,1,0.94815,-0.15654,-1,0.88462,0.05867,0.0018596,0.48734,0.68774,-0.35736,NOTB
0.66997,1,0.84538,0.69264,0.73283,0.16997,0.97351,-0.29791,-1,-0.20598,-0.88829,-0.77149,0.75872,-0.84209,-0.15536,NOTB
0.089318,0.65782,0.75309,0.37044,1,0.13828,0.9572,-0.24257,-0.71463,0.043071,-0.43862,-0.7011,0.60461,-1,-0.12658,NOTB
0.71736,0.39814,0.82932,0.13265,0.60579,0.36609,1,-0.52525,-0.61034,0.59834,0.58671,-1,0.66355,0.088192,-0.84115,NOTB
0.46112,0.96491,0.81125,0.38745,0.95096,0.42181,1,-0.25705,-0.67867,0.61831,0.89313,-1,0.74287,-0.3765,-0.12165,NOTB
0.31118,1,0.74112,0.29771,0.86286,0.20054,0.99744,-0.59288,-0.90536,-0.31978,-0.6758,-0.66611,0.56866,-1,-0.027801,NOTB
0.78464,0.52649,1,0.2815,0.70189,0.54744,0.87437,-0.6285,-1,0.15635,0.59932,-0.46537,0.72462,-0.39843,0.74368,NOTB
0.24251,1,0.78318,0.059502,0.9054,0.16726,0.95921,-0.60122,-0.57595,0.35663,-0.061455,-1,0.92999,-0.69199,0.47976,NOTB
0.48508,0.58932,1,0.88534,0.8731,0.32542,0.96168,-0.34807,-0.61604,0.011926,-0.50802,-0.69927,0.55374,-1,-0.5761,NOTB
0.50243,0.77033,0.77432,0.71245,0.94332,0.59518,1,-0.37411,-1,0.12826,-0.28931,-0.45186,0.95401,-0.6553,-0.02195,NOTB
0.3119,0.36738,0.57928,-0.3457,0.39126,-0.19186,1,-0.90991,-0.71841,-0.31877,-0.28162,-1,0.65508,-0.67302,-0.30244,NOTB
0.69117,0.90279,0.99427,1,0.84539,0.19585,0.92643,-0.093811,-0.16738,0.10399,-0.033514,-0.54813,0.67117,-0.86185,-1,NOTB
0.62918,0.98713,1,0.52633,0.83598,0.42685,0.99918,-0.61313,-0.91206,-0.16381,-0.55793,-0.78761,0.86008,-1,-0.29475,NOTB
0.58158,0.99121,0.71096,0.51706,0.93383,0.47967,1,-0.70459,-0.98632,0.014203,0.14919,-1,0.78053,-0.66008,0.14112,NOTB
0.39162,0.5318,1,0.78974,0.95595,0.32963,0.95836,-0.44961,-0.83775,-0.046084,-0.29355,-0.75574,0.37052,-1,-0.34018,NOTB
0.4918,0.98201,0.97484,0.55875,0.94803,0.39162,1,-0.31913,-0.62073,0.19838,0.29704,-0.92686,0.78652,-1,0.5526,NOTB
0.4328,0.68421,0.88092,0.70182,1,0.48925,0.88176,-0.33176,-0.77735,0.28066,0.33615,-1,0.76073,-0.8037,0.71862,NOTB
0.38446,1,0.77743,0.32135,0.68159,0.063807,0.94391,-0.43507,-0.71696,0.36981,-0.29462,-0.78723,0.37987,-1,-0.24682,NOTB
0.7082,0.73064,0.92682,1,0.95139,0.57857,0.94926,-0.53141,-0.96452,0.17426,-0.14892,-1,0.75083,-0.94586,0.10828,NOTB
0.42714,0.70109,0.72836,0.67651,1,0.42761,0.95751,-0.57219,-1,0.043547,-0.77038,-0.72194,0.74894,-0.79904,0.60885,NOTB
1,0.89185,0.97972,0.84917,0.79899,0.76955,0.97727,-0.63812,-1,-0.011968,-0.58711,-0.64558,0.61115,-0.90704,0.21673,NOTB
0.10511,0.65888,0.78564,0.34407,1,0.18834,0.87233,-0.34703,-0.28448,0.40533,0.22942,-0.60499,0.79791,-1,-0.22127,NOTB
0.45902,0.74239,0.89103,0.6902,1,0.3164,0.92186,-0.66413,-0.89785,0.10549,-0.39067,-1,0.62663,-0.82381,-0.38444,NOTB
0.64091,0.9233,0.92266,0.4992,0.52799,0.18797,1,-0.46614,-0.58763,0.14726,-0.45357,-0.96501,0.62407,-1,-0.50002,NOTB
0.3269,0.9831,0.76069,0.31145,0.72168,0.078149,1,-0.71007,-0.98908,-0.1195,-0.64616,-0.92685,0.63249,-1,-0.69812,NOTB
0.26324,0.91592,0.76162,0.37615,1,0.39301,0.87582,-0.53949,-1,-0.036989,-0.28364,-0.50735,0.71901,-0.54794,-0.2275,NOTB
0.49281,0.75178,0.91572,0.14251,0.78954,0.12439,1,-0.51701,-0.77726,-0.19714,-1,-0.90602,0.74945,-0.81201,0.12237,NOTB
0.26322,0.62341,0.91596,0.56537,1,0.30393,0.8684,-0.62733,-1,0.0024424,-0.34926,-0.88299,0.61499,-0.58742,-0.31013,NOTB
0.55037,0.89293,0.96813,0.40315,0.84647,0.41929,1,-0.33302,-0.80059,0.2275,0.1278,-1,0.32971,-0.6037,-0.32185,NOTB
0.31179,0.85568,0.70976,0.14616,1,0.34489,0.75657,-0.59305,-1,0.0056057,-0.65116,-0.66329,0.84258,-0.3648,0.32041,NOTB
0.30804,0.64478,0.8433,0.59425,0.9143,0.39181,1,-0.69449,-0.93151,0.15684,-0.3142,-1,0.79801,-0.99371,0.34413,NOTB
0.96728,0.9073,0.84847,0.76964,0.93914,0.79608,1,-0.3345,-0.95717,0.46469,0.10377,0.26481,0.54025,-1,0.33576,NOTB
0.50161,0.88271,0.8513,0.34251,0.82026,0.32791,1,-1,-0.87645,-0.091035,-0.63019,-0.58228,0.73466,-0.96019,0.49661,NOTB
0.63553,1,0.98037,0.58803,0.74128,0.35695,0.92459,-0.30111,-0.64462,-0.092179,-0.21845,-0.92496,0.57052,-1,-0.36824,NOTB
0.99631,0.72291,0.87122,0.6665,0.69029,0.68328,1,-0.40118,-0.71097,0.16431,0.27096,-1,0.6741,-0.6395,-0.23255,NOTB
0.33541,0.60705,0.66543,0.65738,1,0.35576,0.97648,-0.31317,-0.78569,-0.015653,-0.30002,-0.5101,0.63692,-1,0.28343,NOTB
0.75445,0.71587,0.92713,1,0.8591,0.90599,0.95118,-0.43548,-1,0.8725,0.29242,-0.52454,0.54946,-0.27504,-0.27871,NOTB
0.16059,0.81519,0.5308,-0.039235,0.72113,0.11842,1,-0.75259,-1,-0.68974,-0.99269,-0.10617,0.51521,-0.9919,-0.3267,NOTB
0.70259,0.96198,1,0.78117,0.97555,0.59164,0.97563,-0.58004,-1,0.089849,-0.18564,-0.45882,0.7354,-0.68221,0.31395,NOTB
0.59282,0.91488,0.92104,0.64551,0.98095,0.6009,1,-0.63975,-1,-0.035055,-0.55258,-0.51421,0.72826,-0.4525,0.37982,NOTB
0.46993,0.61968,0.75596,0.82466,1,0.38584,0.9341,-0.30774,-0.77828,0.26115,-0.36487,-0.7271,0.82476,-1,0.17841,NOTB
0.22194,0.95219,0.66247,0.11382,1,0.15703,0.96035,-0.14866,-0.35813,0.83881,-0.14264,-1,0.55565,-0.89565,-0.5862,NOTB
0.048249,0.85203,0.58533,0.12089,0.86323,0.030737,1,-0.65508,-0.99392,0.26308,-0.42012,-1,0.59587,-0.88034,-0.13455,NOTB
0.92303,0.72662,1,0.59269,0.63568,0.47993,0.82438,-0.42037,-0.57898,0.10022,-0.54378,-0.64173,0.53716,-1,0.27841,NOTB
0.83511,0.78628,0.91594,0.51677,0.82422,0.56776,1,-0.52631,-0.79179,0.3171,0.96202,-1,0.77704,-0.40546,-0.36453,NOTB
0.32912,0.53396,0.85598,0.71525,1,0.46494,0.85754,-0.31366,-1,0.22908,-0.029174,-0.90314,0.63817,-0.95565,0.50169,NOTB
0.71972,0.63079,0.70015,0.29891,0.81084,0.5485,1,-0.48053,-0.76124,0.26687,0.2554,-1,0.41067,-0.59301,-0.27923,NOTB
0.47764,0.92524,0.82647,0.34966,0.8273,0.28299,1,-0.75007,-1,-0.018403,-0.30955,-0.81319,0.80352,-0.80531,0.22634,NOTB
0.53073,0.93078,0.84747,0.56133,0.95084,0.47962,1,-0.3117,-0.77975,0.12615,-0.29694,-1,0.71383,-0.52236,0.064598,NOTB
0.49572,0.96237,0.8688,0.36171,0.79124,0.20708,1,-0.45759,-0.79924,-0.15642,-0.67567,-1,0.78183,-0.90946,-0.53919,NOTB
0.50063,0.90003,0.80522,0.60269,0.99476,0.41735,1,-0.50258,-0.7823,0.15687,-0.42437,-0.74836,0.77099,-1,0.35932,NOTB
0.28901,0.97191,0.67714,0.21104,0.95622,0.26819,1,-0.74552,-1,0.21226,-0.73773,-0.52684,0.75149,-0.62395,0.69336,NOTB
0.53524,0.56727,1,0.92885,0.71196,0.2809,0.90061,-0.42878,-0.64471,-0.21248,-0.40188,-0.92148,0.58966,-1,0.28246,NOTB
0.50128,0.99833,0.7204,0.45059,0.99919,0.44232,1,-0.50578,-1,0.025193,-0.44179,-0.82181,0.72437,-0.78391,0.6206,NOTB
0.6867,0.95164,1,0.71805,0.86405,0.52838,0.94623,-0.66828,-0.91792,0.54537,-0.79243,-1,0.44795,-0.42453,-0.22575,NOTB
0.46413,0.97509,0.85341,0.44846,0.82845,0.34713,1,-0.54726,-0.83552,0.0072379,-0.15301,-0.83252,0.6715,-0.42557,-1,NOTB
0.80333,0.85807,1,0.63152,0.80998,0.62305,0.99004,-0.88127,-0.97508,0.35342,0.6974,-1,0.78441,-0.87508,0.62111,NOTB
0.39486,0.83416,0.82662,0.52914,0.88668,0.28584,1,-0.74617,-1,-0.17414,-0.91672,-0.30259,0.67662,-0.66298,0.33629,NOTB
0.26815,0.83851,0.77509,0.37139,0.86472,0.13461,1,-0.46338,-0.65558,-0.021828,-0.63817,-0.82274,0.60483,-1,0.41499,NOTB
0.17643,0.91248,0.73169,0.24045,0.88241,0.10395,1,-0.072305,-0.48441,-0.14493,-0.57193,-0.39276,0.45919,-1,0.25414,NOTB
0.64746,1,0.87827,0.65983,0.8418,0.46792,0.71506,-0.5919,-1,0.57885,-0.080331,-0.11522,0.7863,-0.98568,0.27006,NOTB
-0.32477,0.12044,0.97442,0.34164,0.89582,-0.13801,0.77643,0.19104,0.44989,1,0.56674,-0.56657,0.03558,-0.1666,-1,NOTB
0.60557,0.79055,0.98863,0.81415,0.98802,0.64364,1,-0.66403,-1,-0.15131,-0.2705,-0.69312,0.46897,-0.50654,-0.65453,NOTB
0.38674,1,0.70185,0.35032,0.84976,0.28441,0.9382,-0.70442,-1,0.1734,0.064871,-0.73685,0.65453,-0.73984,-0.4421,NOTB
0.30243,0.56918,0.6863,0.694,1,0.3092,0.99358,-0.63081,-0.86706,0.1387,-0.1693,-0.74738,0.67045,-0.77196,-1,NOTB
-0.30523,0.7466,0.77479,-0.082158,1,-0.094832,0.89275,-0.368,-0.13856,0.73525,-0.19647,-1,0.48258,-0.7801,-0.17788,NOTB
0.54961,0.79282,0.75859,0.6972,1,0.46369,0.91728,-0.42017,-0.87016,0.29014,-0.30243,-0.84548,0.88483,-1,0.032969,NOTB
0.65941,0.8084,1,0.84924,0.91958,0.55206,0.98336,-0.76528,-1,-0.2079,-0.42078,-0.37626,0.7987,-0.91111,0.5766,NOTB
0.42677,0.61542,0.93385,0.84121,0.98859,0.31826,1,-0.69414,-0.93445,-0.10149,-0.59593,-0.76994,0.76535,-1,0.15441,NOTB
0.54024,0.88725,0.66381,0.37132,0.85801,0.37404,1,-0.523,-1,-0.17504,-0.35168,-0.71084,0.66974,-0.83883,-0.40091,NOTB
0.51126,0.77427,0.73388,0.67982,1,0.48193,0.9986,-0.5473,-1,-0.033016,-0.44138,-0.60773,0.63065,-0.77504,-0.32256,NOTB
0.3056,0.77873,0.74814,0.48069,1,0.38443,0.9214,-0.41765,-1,-0.21809,-0.9004,-0.39816,0.89774,-0.94584,0.79689,NOTB
0.75141,0.83375,0.74393,0.49806,0.79591,0.55451,1,-0.56565,-1,-0.19923,-0.40243,-0.93794,0.62515,-0.78356,-0.09677,NOTB
0.99259,0.89024,1,0.96285,0.85963,0.83981,0.97821,-0.55389,-1,0.20219,0.16393,-0.9238,0.62893,-0.67755,0.77161,NOTB
0.72554,1,0.77784,0.77115,0.86477,0.39698,0.94683,-0.52205,-0.85175,0.0060553,-0.29718,-0.29134,0.84049,-1,-0.019187,NOTB
0.73777,0.74811,0.92596,0.45998,0.61351,0.34052,1,-0.23763,-0.26357,0.042971,-0.2078,0.21597,0.70874,-1,0.25582,NOTB
0.70848,0.7742,0.73621,0.47168,0.83524,0.56703,1,-0.52828,-0.84911,0.29176,0.53679,-1,0.72277,-0.52254,-0.077286,NOTB
0.585,0.55083,0.99266,1,0.98919,0.6012,0.98459,-0.42706,-1,0.0065971,-0.17303,-0.79126,0.69919,-0.59553,0.33601,NOTB
-0.3964,1,0.27163,-0.43586,0.92929,-0.3782,0.73736,0.28065,0.79921,0.90232,-0.94345,-0.96287,-0.1284,-1,-0.70854,NOTB
0.82484,0.96736,0.95195,0.97837,0.99691,0.77321,1,-0.3114,-1,0.23736,-0.12512,-0.85234,0.61953,-0.85498,0.42686,NOTB
0.39649,0.74445,0.86317,0.60427,1,0.52791,0.88792,-0.23023,-0.96659,0.28712,0.44504,-1,0.68287,-0.87506,0.27814,NOTB
0.33738,0.84416,0.58469,0.14393,0.7719,0.14733,1,-0.043764,-0.26818,0.16643,0.21216,-1,0.42989,-0.79919,-0.21607,NOTB
0.80609,0.84929,0.87659,0.48317,0.89245,0.44012,1,-0.33426,-0.62237,0.066661,-0.4438,-0.62125,0.46919,-0.039958,-1,NOTB
0.7459,0.83117,0.90686,0.46751,1,0.6737,0.98145,-0.52488,-0.92668,0.26243,0.54138,-1,0.94419,-0.033452,0.17692,NOTB
0.40971,0.56133,0.97906,0.86747,1,0.46576,0.98956,-0.56793,-0.9855,0.3691,0.10032,-1,0.89829,-0.89718,-0.29222,NOTB
0.64116,0.43776,1,0.83877,0.83239,0.54616,0.89652,-0.46395,-0.86018,0.31994,0.20843,-1,0.74894,-0.65548,0.66249,NOTB
-0.12588,0.60095,0.87069,0.13277,1,-0.087807,0.77309,-0.34238,-0.095016,0.5193,-0.55171,-1,0.28462,-0.80444,-0.51986,NOTB
-0.059371,0.24256,0.54894,0.54045,0.84728,-0.17054,0.87884,0.020101,0.19494,1,-0.64207,-0.97852,-0.10824,-0.612,-1,NOTB
0.45104,0.7076,1,0.68209,0.88187,0.31141,0.97995,-0.56567,-0.82817,0.27078,-0.034489,-1,0.53168,-0.80285,-0.2793,NOTB
0.92793,0.97971,1,0.92932,0.83726,0.75343,0.89675,-0.43546,-0.79854,0.40752,0.60405,-1,0.67293,-0.89275,0.50714,NOTB
0.17515,0.87801,0.8466,0.32958,0.78528,-0.080658,1,-0.2444,0.062602,0.629,-1,-0.63595,-0.068186,-0.47415,-0.9611,NOTB
1,0.89391,0.97027,0.84549,0.70403,0.67105,0.94307,-0.76946,-0.97348,0.61154,-0.51172,-0.73191,0.47395,-1,-0.64784,NOTB
0.49605,0.91096,0.87487,0.6127,1,0.46816,0.99568,-0.51125,-0.87567,0.33134,0.047657,-1,0.77682,-0.87394,0.10222,NOTB
0.60485,0.79484,0.74943,0.80023,1,0.6414,0.93379,-0.45419,-1,-0.27702,-0.66276,-0.5744,0.69144,-0.81241,0.95612,NOTB
0.4207,0.83991,0.86506,0.56216,1,0.39734,0.98486,-0.51395,-0.81382,0.28488,0.043548,-1,0.65004,-0.66548,-0.0078266,NOTB
0.26367,0.67533,0.99991,0.496,0.85223,0.23649,0.84277,-0.40862,-0.76848,0.1107,-0.13376,-1,0.59326,-0.55864,1,NOTB
0.60985,1,0.76366,0.56608,0.78895,0.42193,0.9548,-0.5355,-0.77275,0.35522,0.38068,-1,0.68289,-0.8731,-0.054907,NOTB
0.5926,0.65861,0.99354,0.94413,0.99511,0.65735,1,-0.45368,-1,0.022772,-0.22741,-0.70732,0.69682,-0.76184,-0.38363,NOTB
0.70334,1,0.85766,0.6937,0.83978,0.46009,0.90498,-0.35386,-0.76786,-0.17573,-0.37006,-1,0.68607,-0.96848,-0.35573,NOTB
0.62892,0.67515,0.80047,0.91276,0.97549,0.63577,1,-0.51364,-1,-0.10257,-0.56687,-0.62814,0.77841,-0.69442,0.45499,NOTB
-0.34758,0.54636,0.7917,-0.079638,1,-0.19069,0.89605,0.46288,0.16194,0.82992,-0.28649,-1,0.23744,-0.71197,-0.87846,NOTB
0.40928,0.97675,0.75385,0.34456,0.90389,0.25751,1,-0.50402,-0.85601,0.036695,-0.16346,-1,0.56866,-0.6925,-0.75725,NOTB
0.56368,1,0.88834,0.4978,0.8754,0.34267,0.94651,-0.35401,-0.60196,0.058709,0.64715,-1,0.68745,-0.75387,-0.73884,NOTB
0.36916,0.93693,0.73523,0.42703,0.82354,0.18757,1,-0.3308,-0.44873,-0.018564,0.22126,-0.94151,0.43739,0.011117,-1,NOTB
0.42071,0.97394,0.63097,0.35904,1,0.323,0.93062,-0.46433,-0.80554,-0.034159,0.66928,-1,0.43203,-0.52572,-0.62091,NOTB
0.369,0.93158,0.69951,0.18292,0.77972,0.019385,1,-0.58646,-0.70892,0.32738,-0.65261,-0.84818,0.58086,-1,0.18127,NOTB
0.44275,0.67551,0.67263,0.70594,0.94536,0.3818,1,-0.43097,-0.80235,0.18687,-0.29898,-0.43365,0.69126,-1,0.22946,NOTB
0.60424,1,0.97187,0.62219,0.92878,0.4626,0.98546,-0.21269,-0.58812,0.35418,0.50452,-1,0.89247,-0.79597,0.14928,NOTB
0.18835,1,0.7493,0.17199,0.74847,0.0041322,0.89697,0.056435,-0.42058,0.21303,-0.23653,-0.84741,0.41177,-0.45798,-1,NOTB
0.46527,0.83603,0.91637,0.60648,0.87786,0.34157,1,-0.40169,-0.64624,0.20778,-0.054175,-0.91441,0.6099,-1,-0.042392,NOTB
0.036571,0.73604,0.97309,0.21276,0.79543,-0.12537,1,-0.56901,-0.63666,0.030809,-0.57697,-1,0.52105,-0.94864,-0.18905,NOTB
0.65537,0.85323,0.9827,0.75673,0.87725,0.5035,1,-0.55761,-0.90187,0.36587,0.22813,-1,0.69175,-0.96364,-0.070879,NOTB
0.68456,0.50423,0.92874,0.88399,0.91122,0.86269,1,-0.18339,-1,0.299,0.13613,-0.42271,0.62825,-0.15269,0.78199,NOTB
0.85036,0.81446,0.71857,0.64686,0.96325,0.99532,0.78222,-0.38597,-1,0.60567,-0.35845,-0.713,0.37825,1,-0.33104,NOTB
0.6213,0.97936,0.98481,0.4204,0.83192,0.2763,1,-0.09067,-0.38807,0.4135,0.54474,-1,0.97285,-0.65017,-0.64153,NOTB
0.53993,0.97397,0.89968,0.48213,0.80192,0.33374,0.8841,-0.33508,-0.71106,0.42761,1,-1,0.66634,-0.61683,-0.67352,NOTB
0.58396,0.97555,1,0.49889,0.74992,0.30982,0.93036,-0.54967,-0.5856,0.24717,0.72181,-0.88397,0.71559,-1,-0.26526,NOTB
0.38741,0.96449,0.78716,0.31305,0.74895,0.12747,1,-0.474,-0.67414,-0.2144,0.070897,-1,0.64511,-0.56651,-0.92886,NOTB
0.19756,0.8907,0.9154,0.078662,0.64126,-0.082728,1,0.073931,0.38979,0.57608,-0.62942,-1,-0.45989,-0.46418,-0.74375,NOTB
0.53052,0.93056,0.90706,0.60408,0.83194,0.30743,1,-0.31232,-0.60356,-0.016578,-0.19572,-1,0.88217,-0.77178,-0.21856,NOTB
0.8697,0.78909,0.94383,0.58327,0.81086,0.61334,1,-0.36769,-0.74583,0.29563,0.23593,-1,0.74094,-0.48248,-0.54834,NOTB
0.46812,1,0.89906,0.42107,0.69048,0.17131,0.89824,-0.52627,-0.48557,0.051513,-0.55967,-0.31969,0.51477,-1,0.18853,NOTB
0.56626,1,0.91162,0.47237,0.85084,0.494,0.95756,-0.3944,-1,-0.11071,-0.27178,-0.95658,0.55142,-0.93807,0.10999,NOTB
0.51611,0.79936,0.78932,0.28878,0.76404,0.28776,1,-0.58899,-0.99781,-0.21371,-0.73115,-1,0.71738,-0.6483,-0.73404,NOTB
0.055388,0.85795,0.85066,0.18297,0.92525,-0.010157,1,-0.30333,-0.42728,-0.03066,-0.43889,-0.72658,0.51589,-1,-0.1224,NOTB
0.76114,0.85659,0.97216,0.57918,0.85492,0.62623,1,-0.65599,-0.96137,0.12472,-0.12994,-0.97194,0.65522,-1,0.7516,NOTB
0.23387,0.6421,0.67085,0.51044,1,0.28184,0.88681,-0.44034,-0.51088,0.28309,-0.071385,-1,0.81541,-0.66133,0.39047,NOTB
0.32896,0.82784,0.68345,0.0057746,0.90369,0.22302,1,-0.68836,-1,0.058034,-0.40815,-0.60012,0.80006,-0.65606,0.79261,NOTB
0.13737,0.73869,0.78112,0.31211,0.74101,0.023896,1,-0.1774,-0.42388,-0.18501,-0.42097,-0.4163,0.64586,-1,0.51037,NOTB
0.74591,0.79153,0.80422,0.45461,0.93264,0.59161,1,-0.59809,-1,0.21326,-0.39912,-0.59612,0.87614,-0.83496,0.48454,NOTB
0.43082,0.88875,0.74484,0.4986,0.93613,0.40102,1,-0.53355,-1,-0.088687,-0.38102,-0.5352,0.76925,-0.93533,0.29644,NOTB
0.64812,0.67774,0.92173,0.94009,0.98975,0.68684,1,-0.57417,-0.92411,0.42026,0.64208,-1,0.734,-0.62226,0.63323,NOTB
-0.28849,0.58406,0.8528,0.026024,1,-0.30014,0.86108,-0.40118,0.0017668,0.79544,-1,-0.7369,-0.098286,-0.95868,-0.92099,NOTB
0.43733,0.86399,0.80224,0.21762,0.71711,0.10095,1,-0.86563,-0.94623,-0.36579,-0.9202,-0.95112,0.47087,-1,-0.43762,NOTB
0.11354,0.83422,0.67593,0.20406,0.92049,0.1124,1,-0.70961,-0.99115,-0.32683,-0.97101,-0.95097,0.61227,-1,-0.08928,NOTB
0.20477,0.94093,0.80109,0.038961,0.64956,-0.12225,1,0.0070505,0.46107,0.6667,-0.81788,-1,0.30056,-0.52265,-0.58807,NOTB
0.40447,0.93947,0.8827,0.2619,1,0.36315,0.92034,-0.56935,-0.77605,0.40283,0.33423,-1,0.77344,-0.5583,0.014257,NOTB
0.30509,0.48364,0.89544,0.77474,0.98029,0.42223,1,-0.60557,-1,0.052774,-0.2568,-0.79456,0.61418,-0.99876,0.35196,NOTB
0.63162,1,0.79007,0.62854,0.9113,0.43822,0.96252,-0.47022,-1,-0.25422,-0.68928,-0.44259,0.59293,-0.93737,-0.72477,NOTB
0.60435,0.90753,0.83522,0.66354,0.97243,0.53921,1,-0.51436,-0.87064,0.26065,0.14523,-1,0.86592,-0.54037,0.72654,NOTB
0.89394,0.79194,0.96722,0.61488,0.80974,0.68183,1,-0.38004,-0.82393,0.044502,-0.37763,-0.44897,0.7896,-1,0.43073,NOTB
0.11995,0.67266,0.63848,0.34066,1,0.10802,0.98831,-0.47671,-0.72155,-0.01374,-0.60257,-0.56902,0.4638,-1,0.39798,NOTB
0.34138,0.76841,0.78031,0.50616,1,0.30583,0.8088,-0.48618,-0.92184,0.52156,-0.091572,-0.51234,0.47067,-1,0.33073,NOTB
0.48463,1,0.80244,0.36219,0.87194,0.17974,0.9596,-0.41302,-0.6441,0.4184,-1,-0.88936,0.4092,-0.66623,-0.68527,NOTB
0.6023,0.95682,0.80866,0.41578,0.88453,0.38801,1,-0.62372,-0.73346,-0.17724,-0.39175,-1,0.69831,-0.73937,0.86888,NOTB
0.43576,0.98759,0.73215,0.35237,0.84728,0.25972,1,-0.4342,-0.61808,0.32114,-0.42897,-0.84454,0.64287,-1,0.58006,NOTB
0.57586,0.99279,1,0.5234,0.63553,0.27371,0.9743,-0.18486,-0.23373,0.42321,-0.55685,-0.55998,0.6683,-1,-0.44731,NOTB
0.12988,0.81328,0.71431,0.23819,0.88307,0.047276,1,-0.32645,-0.33487,0.38182,-0.0984,-0.64733,0.72519,-1,0.31749,NOTB
0.56347,0.66548,0.73394,0.94274,0.9016,0.73434,1,-0.68847,-1,0.082746,-0.30977,-0.7387,0.82897,-0.51038,0.34112,NOTB
0.72516,1,0.76389,0.64935,0.90219,0.58561,0.97866,-0.4589,-0.7985,0.013267,-0.54006,-0.50084,0.63412,-1,0.52498,NOTB
-0.53728,0.48772,0.6624,-0.31648,0.85477,-0.34632,0.37333,1,1,0.83774,-0.35989,-1,-0.14124,-0.31673,-0.85999,NOTB
0.5461,0.94803,0.80645,0.41485,0.82472,0.29406,1,-0.41227,-0.74199,-0.23162,-0.74846,-1,0.88176,-0.99063,-0.01521,NOTB
0.38834,0.96262,0.84662,0.053387,1,0.23759,0.92855,0.18071,0.15154,0.94934,-0.64809,-0.9812,0.26638,-0.45626,-1,NOTB
0.60618,0.83236,0.95496,0.71867,0.8187,0.44184,1,-0.5362,-0.82048,0.18271,0.41612,-1,0.73448,-0.50919,-0.30708,NOTB
1,0.84004,0.96131,0.80055,0.59229,0.60014,0.98709,-0.46093,-0.54205,0.4212,0.43324,-1,0.43782,-0.71829,-0.17387,NOTB
0.46914,0.68683,0.73214,0.16434,0.72362,0.27684,1,-0.66349,-0.53362,0.31841,0.062807,-1,0.63285,0.084817,-0.1627,NOTB
0.17618,0.51878,0.89127,0.61133,0.97148,0.10901,1,-0.65615,-0.81475,-0.030321,-0.36449,-0.53707,-0.65166,-0.74977,-1,NOTB
0.91707,0.62183,1,0.45554,0.6926,0.57363,0.98184,-0.51352,-0.80147,0.25824,0.27841,-1,0.85199,-0.38411,-0.12245,NOTB
0.43653,1,0.81448,0.41363,0.76716,0.24335,0.95023,-0.53402,-0.82318,-0.29297,-0.42938,-0.60397,0.35281,-1,-0.61318,NOTB
0.6967,0.9852,0.78911,0.69426,0.87013,0.57393,1,-0.25521,-0.7688,0.38577,0.4193,-1,0.80769,-0.95286,-0.11245,NOTB
0.55535,0.52651,0.96544,1,0.92928,0.52428,0.94662,-0.50796,-0.84859,0.046347,0.44993,-0.77991,0.49761,-1,0.38663,NOTB
0.39775,0.82019,0.8405,0.51569,1,0.37336,0.93968,-0.735,-1,-0.20023,-0.68429,-0.75979,0.59158,-0.94295,0.21194,NOTB
0.28373,0.73471,0.6878,0.50527,0.91623,0.17931,1,-0.64232,-0.80512,-0.08166,-0.71897,-0.53856,0.55052,-1,0.63157,NOTB
0.53788,0.93367,0.77522,0.4322,0.72993,0.24697,1,-0.17361,-0.18155,0.47701,0.34844,-1,0.65539,-0.68672,-0.29573,NOTB
0.7411,0.79473,1,0.9051,0.8241,0.5711,0.94959,-0.6881,-0.75064,0.16712,0.081083,-1,0.80213,-0.46366,0.19703,NOTB
0.43501,1,0.68727,0.39361,0.80384,0.22075,0.91324,-0.77883,-0.94481,0.035429,-0.57115,-0.99118,0.39186,-1,0.20038,NOTB
0.83509,0.86139,0.96306,0.62995,0.98848,0.7878,1,-0.60183,-1,0.22967,0.15834,-0.83298,0.74138,-0.44937,0.84313,NOTB
0.3729,0.85837,0.49189,0.21135,0.93629,0.28105,1,-0.63506,-1,0.097646,-0.42953,-0.72966,0.65321,-0.87453,0.35396,NOTB
0.31973,0.51577,0.63386,0.77912,0.96441,0.33553,1,-0.6032,-0.97558,0.32597,-0.30002,-0.39152,0.7334,-1,0.11388,NOTB
0.27207,0.85656,0.96288,0.48034,0.96062,0.11755,1,-0.41049,-0.37085,-0.36279,-1,-0.61939,0.58273,-0.52857,0.39457,NOTB
0.53107,1,0.9154,0.4085,0.84462,0.35757,0.98608,-0.73822,-1,-0.44301,-0.93694,-0.87817,0.75184,-0.96735,0.18159,NOTB
0.42851,0.9364,0.83138,0.25755,0.9699,0.39125,0.88605,-0.62024,-1,-0.0055202,-0.78389,-0.67896,1,-0.71404,0.61103,NOTB
0.56822,0.74466,0.99912,0.2936,0.57855,0.20359,1,-0.43497,-0.51723,0.41845,-0.25081,-1,0.75608,-0.76091,-0.33903,NOTB
0.38282,0.76544,0.75329,0.56656,0.98238,0.25571,1,-0.38777,-0.67882,0.22276,-0.32215,-0.84592,0.67457,-1,-0.08225,NOTB
0.49618,0.90409,0.68188,0.60008,0.82689,0.7007,1,-0.54409,-1,0.37819,0.32086,-0.56428,0.75559,-0.3063,0.27132,NOTB
0.59626,0.90114,0.93675,0.69653,0.89163,0.4027,1,-0.30299,-0.68772,-0.012826,-0.3074,-0.86436,0.92132,-1,-0.080886,NOTB
0.27401,0.96692,0.78912,0.31772,0.73874,0.071083,1,-0.21387,-0.20633,0.21001,-0.35885,-0.11928,0.80938,-1,0.25044,NOTB
0.58991,0.86892,0.70413,0.67554,0.90016,0.63399,1,-0.41576,-1,0.37185,0.54467,-0.77966,0.86731,-0.47984,0.21798,NOTB
0.0589,0.8759,1,0.12155,0.61677,-0.29556,0.93113,-0.71304,-0.39074,0.21574,-0.32542,-0.41863,0.72173,-1,-0.6454,NOTB
0.54905,0.93381,0.93889,0.60156,0.85731,0.39757,1,-0.82446,-1,0.14145,-0.34994,-0.66487,0.61698,-0.79816,0.25583,NOTB
0.25233,0.52946,1,0.62776,0.6744,-0.0026929,0.98346,-0.22286,-0.16376,0.034741,-0.49581,-0.64735,0.59933,-1,0.28831,NOTB
-0.35933,0.7504,0.37672,-0.23579,1,-0.18589,0.65248,-0.0047188,-0.010514,0.8175,-0.44728,-1,0.10295,-0.70467,-0.96762,NOTB
0.307,0.32352,0.82413,0.95062,0.98525,0.29119,1,-0.46183,-0.85338,0.13995,-0.048272,-0.6768,0.70832,-1,0.28982,NOTB
0.57587,0.91852,0.95091,0.68762,0.94715,0.38773,1,-0.31298,-0.71828,0.23972,-0.3567,-1,0.79725,-0.70749,0.25721,NOTB
0.045393,0.59774,0.33066,-0.31015,0.82406,-0.10403,1,-0.46788,-0.78853,-0.21553,-0.46035,-1,0.78332,-0.53172,-0.8746,NOTB
0.38582,0.6044,0.87886,0.71848,0.90508,0.43529,1,-0.53909,-1,0.27318,0.051349,-0.77098,0.57172,-0.75787,-0.46452,NOTB
-0.27394,0.95352,0.12079,-0.23555,0.87937,-0.10923,1,-0.39816,-0.48641,0.19368,-0.57458,-0.78232,-0.41789,-1,-0.30898,NOTB
0.358,1,0.97808,0.29883,0.82816,0.15736,0.96272,-0.48681,-0.66929,0.099087,-0.53074,-0.9402,0.83863,-1,-0.046259,NOTB
0.53497,0.98719,0.68779,0.48306,1,0.54671,0.84867,-0.37637,-1,-0.036794,-0.41616,-0.28977,0.80084,-0.43843,0.0076612,NOTB
0.23357,1,0.72849,0.19651,0.73428,-0.14122,0.76934,-0.73466,-0.8396,-0.22095,-0.41207,-0.75331,0.73231,-1,-0.84507,NOTB
-0.05243,0.39043,1,0.45057,0.77942,-0.23032,0.89099,-0.62711,-0.49067,-0.0094881,-0.64178,-0.54811,0.37666,-1,0.44029,NOTB
0.11473,1,0.97095,0.11922,0.65995,-0.11548,0.98733,-0.11431,-0.13995,0.25266,-0.42197,-0.10599,0.41136,-1,-0.057554,NOTB
0.84097,0.94344,0.84654,1,0.97532,0.55322,0.90242,-0.43889,-0.7738,0.16065,-0.42607,-0.13148,0.68548,-1,0.080516,NOTB
0.3451,0.6671,0.75269,0.59739,1,0.30674,0.92428,-0.70846,-0.9772,0.14083,-0.56993,-0.86851,0.72647,-1,0.57959,NOTB
0.37285,0.64336,0.92705,0.65341,0.97355,0.33898,1,-0.51664,-0.81974,0.19161,-0.30182,-1,0.84503,-0.89037,-0.32946,NOTB
0.63036,1,0.9105,0.6253,0.90376,0.5056,0.99121,-0.5386,-1,-0.050111,-0.52764,-0.94606,0.77875,-0.50859,0.12873,NOTB
0.58667,0.84214,0.73196,0.73828,0.93885,0.62963,1,-0.50952,-1,0.057902,-0.054375,-0.67365,0.80943,-0.75531,0.013682,NOTB
1,0.73224,0.99349,0.63164,0.60446,0.48507,0.92102,-0.38322,-0.66217,-0.15725,-0.60795,-0.85535,0.54428,-1,-0.12342,NOTB
0.14808,0.53136,0.70543,0.55394,0.88476,0.23512,1,-0.70371,-1,-0.051557,-0.63484,-0.51777,0.74619,-0.59876,-0.44942,NOTB
0.075719,0.59563,0.83405,0.35546,1,0.14257,0.94469,-0.55803,-0.64079,0.15533,-0.33722,-0.81227,0.41427,-1,-0.098715,NOTB
0.26924,0.84763,0.65898,0.081097,0.91637,0.16818,1,-0.66462,-1,-0.047486,-0.63139,-0.82878,0.75338,-0.53407,-0.91624,NOTB
0.30429,0.53776,0.79102,0.69504,1,0.24346,0.97503,-0.39662,-0.68112,0.24011,-0.32438,-0.49442,0.48972,-1,-0.10967,NOTB
0.59692,0.65084,0.71474,0.955,0.92113,0.68469,1,-0.41875,-1,0.13718,-0.38294,-0.1817,0.58296,-0.73903,-0.20737,NOTB
0.1114,0.81836,0.78258,0.25198,1,0.097219,0.88011,-0.076327,-0.049249,0.6349,-0.55362,-1,0.47059,-0.36474,-0.56236,NOTB
0.027606,0.93312,0.72261,0.072278,0.83503,-0.093532,1,0.24314,0.11634,0.53537,-0.92134,-1,0.013023,-0.54825,-0.020214,NOTB
0.38944,0.88692,0.82877,0.47624,0.97127,0.48072,1,-0.49538,-0.84732,-0.2692,-0.65133,-1,0.49572,-0.19927,0.80806,NOTB
0.58583,1,0.76853,0.47846,0.9017,0.42309,0.99509,-0.69275,-1,-0.014228,-0.51391,-0.909,0.73962,-0.77236,0.16184,NOTB
0.63191,0.7639,0.9283,0.30955,0.87041,0.4121,1,-0.50664,-0.79258,0.10676,-0.33027,-1,0.75128,-0.21528,-0.62296,NOTB
0.066863,0.93098,0.74973,0.14081,0.87393,-0.011935,1,-0.85959,-0.82903,-0.48328,-0.7704,-0.67032,0.77694,-1,-0.59756,NOTB
0.46884,1,0.74908,0.43366,0.99715,0.50412,0.97102,-0.55913,-1,0.28208,-0.30985,-0.81717,1,-0.80776,0.81941,NOTB
0.58504,1,0.91453,0.56443,0.76459,0.32955,0.9921,-0.4796,-0.39609,0.32099,-0.24507,-0.59486,0.7318,-1,0.80934,NOTB
0.22847,0.20751,0.91977,1,0.96519,0.23906,0.96536,-0.57568,-1,-0.25468,-0.68836,-0.40509,0.57434,-0.91915,0.19631,NOTB
0.37769,0.62282,0.86253,0.72744,1,0.286,0.99455,-0.52648,-0.80825,0.25619,-0.36448,-1,0.87365,-0.85073,0.3114,NOTB
